create table Class (
	ClassID INT,
	Name VARCHAR(50),
	ProfID INT
);
insert into Class (ClassID, Name, ProfID) values (1, 'FX Animation', 4);
insert into Class (ClassID, Name, ProfID) values (2, 'Pharmacy', 13);
insert into Class (ClassID, Name, ProfID) values (3, 'Curriculum Development', 15);
insert into Class (ClassID, Name, ProfID) values (4, 'Zachman', 14);
insert into Class (ClassID, Name, ProfID) values (5, 'Budget Oversight', 3);
insert into Class (ClassID, Name, ProfID) values (6, 'Engineering Management', 4);
insert into Class (ClassID, Name, ProfID) values (7, 'Tax Returns', 17);
insert into Class (ClassID, Name, ProfID) values (8, 'Professional Liability', 5);
insert into Class (ClassID, Name, ProfID) values (9, 'Solvency II', 13);
insert into Class (ClassID, Name, ProfID) values (10, 'Commercial Aviation', 20);
insert into Class (ClassID, Name, ProfID) values (11, 'Humanitarian', 1);
insert into Class (ClassID, Name, ProfID) values (12, 'Wedding DJ', 13);
insert into Class (ClassID, Name, ProfID) values (13, 'iVantage', 7);
insert into Class (ClassID, Name, ProfID) values (14, 'AASHTO', 16);
insert into Class (ClassID, Name, ProfID) values (15, 'Residential Homes', 3);
insert into Class (ClassID, Name, ProfID) values (16, 'Quality System', 10);
insert into Class (ClassID, Name, ProfID) values (17, 'Rugby', 15);
insert into Class (ClassID, Name, ProfID) values (18, 'TSRM', 2);
insert into Class (ClassID, Name, ProfID) values (19, 'HDPE', 17);
insert into Class (ClassID, Name, ProfID) values (20, 'PBS', 14);
insert into Class (ClassID, Name, ProfID) values (21, 'Ebooks', 13);
insert into Class (ClassID, Name, ProfID) values (22, 'Data Center', 11);
insert into Class (ClassID, Name, ProfID) values (23, 'RDI', 17);
insert into Class (ClassID, Name, ProfID) values (24, 'General Ledger', 15);
insert into Class (ClassID, Name, ProfID) values (25, 'RMI', 2);
insert into Class (ClassID, Name, ProfID) values (26, 'Pension Funds', 5);
insert into Class (ClassID, Name, ProfID) values (27, 'RUP Methodologies', 13);
insert into Class (ClassID, Name, ProfID) values (28, 'EHR', 15);
insert into Class (ClassID, Name, ProfID) values (29, 'SAP BPC', 4);
insert into Class (ClassID, Name, ProfID) values (30, 'FTL', 12);
insert into Class (ClassID, Name, ProfID) values (31, 'PIM-DM', 20);
insert into Class (ClassID, Name, ProfID) values (32, 'RNC', 14);
insert into Class (ClassID, Name, ProfID) values (33, 'GIS Modeling', 7);
insert into Class (ClassID, Name, ProfID) values (34, 'Ships', 18);
insert into Class (ClassID, Name, ProfID) values (35, 'Rural Community Development', 16);
insert into Class (ClassID, Name, ProfID) values (36, 'JDE Enterprise One', 18);
insert into Class (ClassID, Name, ProfID) values (37, 'Sales Presentations', 10);
insert into Class (ClassID, Name, ProfID) values (38, 'NCSS', 20);
insert into Class (ClassID, Name, ProfID) values (39, 'Quality Improvement', 9);
insert into Class (ClassID, Name, ProfID) values (40, 'Oil Industry', 7);
insert into Class (ClassID, Name, ProfID) values (41, 'OH&amp;S', 19);
insert into Class (ClassID, Name, ProfID) values (42, 'RTLS', 13);
insert into Class (ClassID, Name, ProfID) values (43, 'KMDF', 10);
insert into Class (ClassID, Name, ProfID) values (44, 'Spot TV', 9);
insert into Class (ClassID, Name, ProfID) values (45, 'RCS Selector', 2);
insert into Class (ClassID, Name, ProfID) values (46, 'Non-fiction', 12);
insert into Class (ClassID, Name, ProfID) values (47, 'FDA', 19);
insert into Class (ClassID, Name, ProfID) values (48, 'SaaS', 16);
insert into Class (ClassID, Name, ProfID) values (49, 'Home Owners', 5);
insert into Class (ClassID, Name, ProfID) values (50, 'AFM', 16);
create table Enrollment (
	EnrollmentID  INT,
	StudentID INT,
	ClassID INT
);
insert into Enrollment (EnrollmentID , StudentID, ClassID) values (1, 447, 39);
insert into Enrollment (EnrollmentID , StudentID, ClassID) values (2, 66, 50);
insert into Enrollment (EnrollmentID , StudentID, ClassID) values (3, 416, 23);
insert into Enrollment (EnrollmentID , StudentID, ClassID) values (4, 16, 40);
insert into Enrollment (EnrollmentID , StudentID, ClassID) values (5, 453, 6);
insert into Enrollment (EnrollmentID , StudentID, ClassID) values (6, 364, 20);
insert into Enrollment (EnrollmentID , StudentID, ClassID) values (7, 423, 6);
insert into Enrollment (EnrollmentID , StudentID, ClassID) values (8, 401, 6);
insert into Enrollment (EnrollmentID , StudentID, ClassID) values (9, 381, 35);
insert into Enrollment (EnrollmentID , StudentID, ClassID) values (10, 443, 12);
insert into Enrollment (EnrollmentID , StudentID, ClassID) values (11, 285, 45);
insert into Enrollment (EnrollmentID , StudentID, ClassID) values (12, 269, 32);
insert into Enrollment (EnrollmentID , StudentID, ClassID) values (13, 336, 12);
insert into Enrollment (EnrollmentID , StudentID, ClassID) values (14, 77, 22);
insert into Enrollment (EnrollmentID , StudentID, ClassID) values (15, 244, 33);
insert into Enrollment (EnrollmentID , StudentID, ClassID) values (16, 282, 6);
insert into Enrollment (EnrollmentID , StudentID, ClassID) values (17, 276, 48);
insert into Enrollment (EnrollmentID , StudentID, ClassID) values (18, 456, 34);
insert into Enrollment (EnrollmentID , StudentID, ClassID) values (19, 169, 23);
insert into Enrollment (EnrollmentID , StudentID, ClassID) values (20, 478, 1);
insert into Enrollment (EnrollmentID , StudentID, ClassID) values (21, 215, 44);
insert into Enrollment (EnrollmentID , StudentID, ClassID) values (22, 261, 48);
insert into Enrollment (EnrollmentID , StudentID, ClassID) values (23, 327, 44);
insert into Enrollment (EnrollmentID , StudentID, ClassID) values (24, 6, 3);
insert into Enrollment (EnrollmentID , StudentID, ClassID) values (25, 396, 21);
insert into Enrollment (EnrollmentID , StudentID, ClassID) values (26, 492, 37);
insert into Enrollment (EnrollmentID , StudentID, ClassID) values (27, 462, 50);
insert into Enrollment (EnrollmentID , StudentID, ClassID) values (28, 492, 42);
insert into Enrollment (EnrollmentID , StudentID, ClassID) values (29, 383, 2);
insert into Enrollment (EnrollmentID , StudentID, ClassID) values (30, 155, 33);
insert into Enrollment (EnrollmentID , StudentID, ClassID) values (31, 58, 48);
insert into Enrollment (EnrollmentID , StudentID, ClassID) values (32, 201, 10);
insert into Enrollment (EnrollmentID , StudentID, ClassID) values (33, 170, 50);
insert into Enrollment (EnrollmentID , StudentID, ClassID) values (34, 143, 17);
insert into Enrollment (EnrollmentID , StudentID, ClassID) values (35, 361, 32);
insert into Enrollment (EnrollmentID , StudentID, ClassID) values (36, 456, 6);
insert into Enrollment (EnrollmentID , StudentID, ClassID) values (37, 260, 29);
insert into Enrollment (EnrollmentID , StudentID, ClassID) values (38, 164, 24);
insert into Enrollment (EnrollmentID , StudentID, ClassID) values (39, 301, 22);
insert into Enrollment (EnrollmentID , StudentID, ClassID) values (40, 94, 12);
insert into Enrollment (EnrollmentID , StudentID, ClassID) values (41, 357, 46);
insert into Enrollment (EnrollmentID , StudentID, ClassID) values (42, 37, 11);
insert into Enrollment (EnrollmentID , StudentID, ClassID) values (43, 181, 23);
insert into Enrollment (EnrollmentID , StudentID, ClassID) values (44, 499, 32);
insert into Enrollment (EnrollmentID , StudentID, ClassID) values (45, 44, 42);
insert into Enrollment (EnrollmentID , StudentID, ClassID) values (46, 419, 23);
insert into Enrollment (EnrollmentID , StudentID, ClassID) values (47, 473, 47);
insert into Enrollment (EnrollmentID , StudentID, ClassID) values (48, 169, 47);
insert into Enrollment (EnrollmentID , StudentID, ClassID) values (49, 478, 16);
insert into Enrollment (EnrollmentID , StudentID, ClassID) values (50, 361, 47);
insert into Enrollment (EnrollmentID , StudentID, ClassID) values (51, 296, 43);
insert into Enrollment (EnrollmentID , StudentID, ClassID) values (52, 165, 43);
insert into Enrollment (EnrollmentID , StudentID, ClassID) values (53, 446, 39);
insert into Enrollment (EnrollmentID , StudentID, ClassID) values (54, 491, 39);
insert into Enrollment (EnrollmentID , StudentID, ClassID) values (55, 283, 10);
insert into Enrollment (EnrollmentID , StudentID, ClassID) values (56, 175, 21);
insert into Enrollment (EnrollmentID , StudentID, ClassID) values (57, 402, 14);
insert into Enrollment (EnrollmentID , StudentID, ClassID) values (58, 436, 24);
insert into Enrollment (EnrollmentID , StudentID, ClassID) values (59, 99, 28);
insert into Enrollment (EnrollmentID , StudentID, ClassID) values (60, 349, 42);
insert into Enrollment (EnrollmentID , StudentID, ClassID) values (61, 365, 49);
insert into Enrollment (EnrollmentID , StudentID, ClassID) values (62, 403, 43);
insert into Enrollment (EnrollmentID , StudentID, ClassID) values (63, 448, 13);
insert into Enrollment (EnrollmentID , StudentID, ClassID) values (64, 415, 26);
insert into Enrollment (EnrollmentID , StudentID, ClassID) values (65, 318, 9);
insert into Enrollment (EnrollmentID , StudentID, ClassID) values (66, 126, 50);
insert into Enrollment (EnrollmentID , StudentID, ClassID) values (67, 139, 8);
insert into Enrollment (EnrollmentID , StudentID, ClassID) values (68, 399, 1);
insert into Enrollment (EnrollmentID , StudentID, ClassID) values (69, 365, 3);
insert into Enrollment (EnrollmentID , StudentID, ClassID) values (70, 122, 40);
insert into Enrollment (EnrollmentID , StudentID, ClassID) values (71, 417, 1);
insert into Enrollment (EnrollmentID , StudentID, ClassID) values (72, 453, 27);
insert into Enrollment (EnrollmentID , StudentID, ClassID) values (73, 356, 34);
insert into Enrollment (EnrollmentID , StudentID, ClassID) values (74, 495, 36);
insert into Enrollment (EnrollmentID , StudentID, ClassID) values (75, 43, 48);
insert into Enrollment (EnrollmentID , StudentID, ClassID) values (76, 14, 49);
insert into Enrollment (EnrollmentID , StudentID, ClassID) values (77, 124, 36);
insert into Enrollment (EnrollmentID , StudentID, ClassID) values (78, 64, 35);
insert into Enrollment (EnrollmentID , StudentID, ClassID) values (79, 243, 2);
insert into Enrollment (EnrollmentID , StudentID, ClassID) values (80, 277, 28);
insert into Enrollment (EnrollmentID , StudentID, ClassID) values (81, 265, 24);
insert into Enrollment (EnrollmentID , StudentID, ClassID) values (82, 187, 14);
insert into Enrollment (EnrollmentID , StudentID, ClassID) values (83, 261, 28);
insert into Enrollment (EnrollmentID , StudentID, ClassID) values (84, 89, 21);
insert into Enrollment (EnrollmentID , StudentID, ClassID) values (85, 385, 40);
insert into Enrollment (EnrollmentID , StudentID, ClassID) values (86, 188, 47);
insert into Enrollment (EnrollmentID , StudentID, ClassID) values (87, 253, 17);
insert into Enrollment (EnrollmentID , StudentID, ClassID) values (88, 377, 40);
insert into Enrollment (EnrollmentID , StudentID, ClassID) values (89, 254, 23);
insert into Enrollment (EnrollmentID , StudentID, ClassID) values (90, 36, 10);
insert into Enrollment (EnrollmentID , StudentID, ClassID) values (91, 18, 11);
insert into Enrollment (EnrollmentID , StudentID, ClassID) values (92, 72, 30);
insert into Enrollment (EnrollmentID , StudentID, ClassID) values (93, 280, 44);
insert into Enrollment (EnrollmentID , StudentID, ClassID) values (94, 177, 24);
insert into Enrollment (EnrollmentID , StudentID, ClassID) values (95, 336, 11);
insert into Enrollment (EnrollmentID , StudentID, ClassID) values (96, 303, 4);
insert into Enrollment (EnrollmentID , StudentID, ClassID) values (97, 75, 20);
insert into Enrollment (EnrollmentID , StudentID, ClassID) values (98, 10, 3);
insert into Enrollment (EnrollmentID , StudentID, ClassID) values (99, 324, 41);
insert into Enrollment (EnrollmentID , StudentID, ClassID) values (100, 2, 24);
create table Prof (
	ID INT,
	FirstName VARCHAR(50),
	LastName VARCHAR(50),
	Phone VARCHAR(50)
);
insert into Prof (ID, FirstName, LastName, Phone) values (1, 'Jenn', 'Curgenuer', '118-594-7793');
insert into Prof (ID, FirstName, LastName, Phone) values (2, 'Waneta', 'Besemer', '893-484-7763');
insert into Prof (ID, FirstName, LastName, Phone) values (3, 'Gabie', 'Skewes', '489-633-2965');
insert into Prof (ID, FirstName, LastName, Phone) values (4, 'Kylie', 'Applegarth', '850-813-1936');
insert into Prof (ID, FirstName, LastName, Phone) values (5, 'Ephrayim', 'Cleaves', '196-935-9148');
insert into Prof (ID, FirstName, LastName, Phone) values (6, 'Bondy', 'Rassell', '893-429-1227');
insert into Prof (ID, FirstName, LastName, Phone) values (7, 'Peder', 'Plante', '112-725-4536');
insert into Prof (ID, FirstName, LastName, Phone) values (8, 'Antonina', 'Fritschel', '683-906-2288');
insert into Prof (ID, FirstName, LastName, Phone) values (9, 'Brier', 'Treher', '687-291-3753');
insert into Prof (ID, FirstName, LastName, Phone) values (10, 'Bettine', 'Ker', '657-596-4338');
insert into Prof (ID, FirstName, LastName, Phone) values (11, 'Andre', 'Daine', '858-178-3664');
insert into Prof (ID, FirstName, LastName, Phone) values (12, 'Kissiah', 'Houlton', '669-924-2942');
insert into Prof (ID, FirstName, LastName, Phone) values (13, 'Jacquelyn', 'Briiginshaw', '774-759-2828');
insert into Prof (ID, FirstName, LastName, Phone) values (14, 'Jeannine', 'Brock', '813-382-2022');
insert into Prof (ID, FirstName, LastName, Phone) values (15, 'Sandi', 'Pantry', '195-960-2166');
insert into Prof (ID, FirstName, LastName, Phone) values (16, 'Zane', 'Joyson', '994-908-2311');
insert into Prof (ID, FirstName, LastName, Phone) values (17, 'Ryun', 'Skouling', '846-617-7465');
insert into Prof (ID, FirstName, LastName, Phone) values (18, 'Minor', 'Di Ruggiero', '505-768-9317');
insert into Prof (ID, FirstName, LastName, Phone) values (19, 'Katie', 'Smyley', '470-529-5442');
insert into Prof (ID, FirstName, LastName, Phone) values (20, 'Bria', 'Benesevich', '874-955-5169');
insert into Prof (ID, FirstName, LastName, Phone) values (21, 'Koenraad', 'Imrie', '152-861-8912');
insert into Prof (ID, FirstName, LastName, Phone) values (22, 'Skelly', 'Ralphs', '365-203-8730');
insert into Prof (ID, FirstName, LastName, Phone) values (23, 'Lorrie', 'Braitling', '559-308-8608');
insert into Prof (ID, FirstName, LastName, Phone) values (24, 'Rorie', 'Chillistone', '182-930-8035');
insert into Prof (ID, FirstName, LastName, Phone) values (25, 'Jenny', 'Spendlove', '699-347-4484');
insert into Prof (ID, FirstName, LastName, Phone) values (26, 'Cassie', 'Weal', '171-729-2202');
insert into Prof (ID, FirstName, LastName, Phone) values (27, 'Toiboid', 'Maylam', '136-650-7097');
insert into Prof (ID, FirstName, LastName, Phone) values (28, 'Liuka', 'Elnaugh', '405-148-2697');
insert into Prof (ID, FirstName, LastName, Phone) values (29, 'Ambrosi', 'Aked', '337-966-2464');
insert into Prof (ID, FirstName, LastName, Phone) values (30, 'Anna-diana', 'Coldbathe', '377-999-8999');
insert into Prof (ID, FirstName, LastName, Phone) values (31, 'Elmer', 'MacCracken', '192-678-6786');
insert into Prof (ID, FirstName, LastName, Phone) values (32, 'Adolphus', 'Ambrodi', '376-448-0183');
insert into Prof (ID, FirstName, LastName, Phone) values (33, 'Eustace', 'Anstice', '794-796-3134');
insert into Prof (ID, FirstName, LastName, Phone) values (34, 'Erica', 'Bleyman', '994-584-1906');
insert into Prof (ID, FirstName, LastName, Phone) values (35, 'Tabby', 'Pauncefort', '501-741-0174');
insert into Prof (ID, FirstName, LastName, Phone) values (36, 'Briggs', 'Message', '815-277-1247');
insert into Prof (ID, FirstName, LastName, Phone) values (37, 'Klarrisa', 'Stubbs', '756-327-4967');
insert into Prof (ID, FirstName, LastName, Phone) values (38, 'Thebault', 'Upjohn', '101-749-1380');
insert into Prof (ID, FirstName, LastName, Phone) values (39, 'Elissa', 'Kleinber', '590-701-1383');
insert into Prof (ID, FirstName, LastName, Phone) values (40, 'Lotty', 'Fessby', '939-873-7462');
insert into Prof (ID, FirstName, LastName, Phone) values (41, 'Claretta', 'Cawkill', '490-255-5472');
insert into Prof (ID, FirstName, LastName, Phone) values (42, 'Emile', 'Newman', '435-330-3177');
insert into Prof (ID, FirstName, LastName, Phone) values (43, 'Katherina', 'Karczinski', '994-982-7997');
insert into Prof (ID, FirstName, LastName, Phone) values (44, 'Cash', 'Karet', '147-550-6866');
insert into Prof (ID, FirstName, LastName, Phone) values (45, 'Doretta', 'Wantling', '302-196-4179');
insert into Prof (ID, FirstName, LastName, Phone) values (46, 'Charmain', 'Laidler', '378-328-9871');
insert into Prof (ID, FirstName, LastName, Phone) values (47, 'Sharline', 'Snellman', '327-800-5449');
insert into Prof (ID, FirstName, LastName, Phone) values (48, 'Rollo', 'Fretson', '375-417-2101');
insert into Prof (ID, FirstName, LastName, Phone) values (49, 'Del', 'Gierardi', '119-212-5495');
insert into Prof (ID, FirstName, LastName, Phone) values (50, 'Bradly', 'Merigon', '279-944-2210');
create table Student (
	ID INT,
	FirstName VARCHAR(50),
	LastName VARCHAR(50),
	Email VARCHAR(50),
	Phone VARCHAR(50),
	Age INT
);
insert into Student (ID, FirstName, LastName, Email, Phone, Age) values (1, 'Tessi', 'Charlon', 'tcharlon0@zdnet.com', '592-102-2984', 51);
insert into Student (ID, FirstName, LastName, Email, Phone, Age) values (2, 'Siward', 'Pinnere', 'spinnere1@jigsy.com', '559-770-7205', 47);
insert into Student (ID, FirstName, LastName, Email, Phone, Age) values (3, 'Minny', 'Bernardoni', 'mbernardoni2@ucoz.ru', '934-790-4001', 89);
insert into Student (ID, FirstName, LastName, Email, Phone, Age) values (4, 'Cinderella', 'Turneux', 'cturneux3@edublogs.org', '780-369-7953', 45);
insert into Student (ID, FirstName, LastName, Email, Phone, Age) values (5, 'Winonah', 'Cobello', 'wcobello4@jimdo.com', '220-206-0178', 88);
insert into Student (ID, FirstName, LastName, Email, Phone, Age) values (6, 'Dalis', 'Arnley', 'darnley5@bloomberg.com', '754-751-9863', 47);
insert into Student (ID, FirstName, LastName, Email, Phone, Age) values (7, 'Rebekah', 'Dinesen', 'rdinesen6@earthlink.net', '850-423-5093', 100);
insert into Student (ID, FirstName, LastName, Email, Phone, Age) values (8, 'Nerta', 'Tangye', 'ntangye7@mayoclinic.com', '963-786-9423', 85);
insert into Student (ID, FirstName, LastName, Email, Phone, Age) values (9, 'Marissa', 'Rastrick', 'mrastrick8@google.de', '158-231-4397', 81);
insert into Student (ID, FirstName, LastName, Email, Phone, Age) values (10, 'Whitaker', 'Donett', 'wdonett9@geocities.com', '368-449-6097', 57);
insert into Student (ID, FirstName, LastName, Email, Phone, Age) values (11, 'Michaela', 'Lidierth', 'mlidiertha@europa.eu', '266-232-3954', 35);
insert into Student (ID, FirstName, LastName, Email, Phone, Age) values (12, 'Renaud', 'Birdseye', 'rbirdseyeb@msn.com', '774-141-5221', 86);
insert into Student (ID, FirstName, LastName, Email, Phone, Age) values (13, 'Margareta', 'Van Cassel', 'mvancasselc@aboutads.info', '388-875-8047', 86);
insert into Student (ID, FirstName, LastName, Email, Phone, Age) values (14, 'Kacy', 'Emanueli', 'kemanuelid@github.com', '448-845-7970', 44);
insert into Student (ID, FirstName, LastName, Email, Phone, Age) values (15, 'Leilah', 'Pollastrino', 'lpollastrinoe@merriam-webster.com', '435-410-1412', 68);
insert into Student (ID, FirstName, LastName, Email, Phone, Age) values (16, 'Norry', 'Degenhardt', 'ndegenhardtf@typepad.com', '256-331-7235', 52);
insert into Student (ID, FirstName, LastName, Email, Phone, Age) values (17, 'Daryn', 'Errey', 'derreyg@de.vu', '312-888-7935', 77);
insert into Student (ID, FirstName, LastName, Email, Phone, Age) values (18, 'Madelina', 'MacAiline', 'mmacailineh@google.com', '321-801-9018', 19);
insert into Student (ID, FirstName, LastName, Email, Phone, Age) values (19, 'Bert', 'Wickens', 'bwickensi@e-recht24.de', '664-808-5863', 64);
insert into Student (ID, FirstName, LastName, Email, Phone, Age) values (20, 'Cathie', 'Westhofer', 'cwesthoferj@mac.com', '394-859-6856', 24);
insert into Student (ID, FirstName, LastName, Email, Phone, Age) values (21, 'Nikoletta', 'Posselt', 'nposseltk@seattletimes.com', '915-655-7200', 90);
insert into Student (ID, FirstName, LastName, Email, Phone, Age) values (22, 'Araldo', 'Tatersale', 'atatersalel@google.com', '798-140-0159', 85);
insert into Student (ID, FirstName, LastName, Email, Phone, Age) values (23, 'Lennie', 'Crellim', 'lcrellimm@soundcloud.com', '867-287-2154', 51);
insert into Student (ID, FirstName, LastName, Email, Phone, Age) values (24, 'Davie', 'McWhan', 'dmcwhann@dagondesign.com', '431-723-9932', 98);
insert into Student (ID, FirstName, LastName, Email, Phone, Age) values (25, 'Antoinette', 'Lenz', 'alenzo@slideshare.net', '413-640-1005', 94);
insert into Student (ID, FirstName, LastName, Email, Phone, Age) values (26, 'Will', 'Buist', 'wbuistp@house.gov', '380-731-7226', 90);
insert into Student (ID, FirstName, LastName, Email, Phone, Age) values (27, 'Elston', 'Brigdale', 'ebrigdaleq@tamu.edu', '262-923-0460', 52);
insert into Student (ID, FirstName, LastName, Email, Phone, Age) values (28, 'Beckie', 'Videan', 'bvideanr@redcross.org', '162-439-6256', 34);
insert into Student (ID, FirstName, LastName, Email, Phone, Age) values (29, 'Desirae', 'MacPeake', 'dmacpeakes@hatena.ne.jp', '778-403-3347', 52);
insert into Student (ID, FirstName, LastName, Email, Phone, Age) values (30, 'Dareen', 'Ferreras', 'dferrerast@paginegialle.it', '836-256-8398', 90);
insert into Student (ID, FirstName, LastName, Email, Phone, Age) values (31, 'Brantley', 'Agates', 'bagatesu@oaic.gov.au', '226-700-0822', 18);
insert into Student (ID, FirstName, LastName, Email, Phone, Age) values (32, 'Renaldo', 'Tiddeman', 'rtiddemanv@tmall.com', '681-460-5283', 90);
insert into Student (ID, FirstName, LastName, Email, Phone, Age) values (33, 'Alley', 'Pockett', 'apockettw@devhub.com', '857-986-3985', 93);
insert into Student (ID, FirstName, LastName, Email, Phone, Age) values (34, 'Lory', 'Petriello', 'lpetriellox@mail.ru', '809-159-2874', 82);
insert into Student (ID, FirstName, LastName, Email, Phone, Age) values (35, 'Jesse', 'Rochester', 'jrochestery@twitter.com', '775-169-5445', 88);
insert into Student (ID, FirstName, LastName, Email, Phone, Age) values (36, 'Cassandry', 'Runge', 'crungez@quantcast.com', '268-485-8387', 23);
insert into Student (ID, FirstName, LastName, Email, Phone, Age) values (37, 'Nathanial', 'Dubarry', 'ndubarry10@huffingtonpost.com', '846-838-6609', 41);
insert into Student (ID, FirstName, LastName, Email, Phone, Age) values (38, 'Ross', 'Byram', 'rbyram11@tamu.edu', '498-216-8908', 24);
insert into Student (ID, FirstName, LastName, Email, Phone, Age) values (39, 'Doll', 'Chantree', 'dchantree12@nifty.com', '502-533-9912', 37);
insert into Student (ID, FirstName, LastName, Email, Phone, Age) values (40, 'Bordy', 'Mooreed', 'bmooreed13@yelp.com', '300-302-2131', 23);
insert into Student (ID, FirstName, LastName, Email, Phone, Age) values (41, 'Fanchette', 'Yukhnev', 'fyukhnev14@nytimes.com', '834-885-2566', 45);
insert into Student (ID, FirstName, LastName, Email, Phone, Age) values (42, 'Humberto', 'Courvert', 'hcourvert15@rambler.ru', '382-665-9575', 48);
insert into Student (ID, FirstName, LastName, Email, Phone, Age) values (43, 'Benn', 'Trodler', 'btrodler16@ycombinator.com', '371-382-8916', 90);
insert into Student (ID, FirstName, LastName, Email, Phone, Age) values (44, 'Candida', 'Burhill', 'cburhill17@nps.gov', '968-436-5710', 36);
insert into Student (ID, FirstName, LastName, Email, Phone, Age) values (45, 'Nedi', 'Checchetelli', 'nchecchetelli18@nyu.edu', '895-771-0804', 99);
insert into Student (ID, FirstName, LastName, Email, Phone, Age) values (46, 'Shae', 'Burnel', 'sburnel19@economist.com', '551-924-7831', 57);
insert into Student (ID, FirstName, LastName, Email, Phone, Age) values (47, 'Myrtia', 'Statham', 'mstatham1a@slashdot.org', '508-164-2534', 29);
insert into Student (ID, FirstName, LastName, Email, Phone, Age) values (48, 'Catriona', 'Sirmon', 'csirmon1b@macromedia.com', '703-506-2906', 58);
insert into Student (ID, FirstName, LastName, Email, Phone, Age) values (49, 'Brent', 'Rubinovitsch', 'brubinovitsch1c@forbes.com', '227-497-6043', 20);
insert into Student (ID, FirstName, LastName, Email, Phone, Age) values (50, 'Courtney', 'De Ortega', 'cdeortega1d@gizmodo.com', '271-587-2145', 41);
insert into Student (ID, FirstName, LastName, Email, Phone, Age) values (51, 'Thatch', 'Benjefield', 'tbenjefield1e@zdnet.com', '507-161-0122', 61);
insert into Student (ID, FirstName, LastName, Email, Phone, Age) values (52, 'Claiborn', 'Heynen', 'cheynen1f@accuweather.com', '335-988-0445', 49);
insert into Student (ID, FirstName, LastName, Email, Phone, Age) values (53, 'Derby', 'Reasun', 'dreasun1g@furl.net', '778-184-4695', 88);
insert into Student (ID, FirstName, LastName, Email, Phone, Age) values (54, 'Alejoa', 'Bollard', 'abollard1h@g.co', '660-427-8309', 68);
insert into Student (ID, FirstName, LastName, Email, Phone, Age) values (55, 'Lonnie', 'Robroe', 'lrobroe1i@ucsd.edu', '428-535-7355', 40);
insert into Student (ID, FirstName, LastName, Email, Phone, Age) values (56, 'Tiphanie', 'Gorges', 'tgorges1j@uiuc.edu', '734-855-6424', 75);
insert into Student (ID, FirstName, LastName, Email, Phone, Age) values (57, 'Gilly', 'Bestar', 'gbestar1k@goo.ne.jp', '964-629-7887', 63);
insert into Student (ID, FirstName, LastName, Email, Phone, Age) values (58, 'Andrea', 'Gianolo', 'agianolo1l@spotify.com', '708-823-4047', 77);
insert into Student (ID, FirstName, LastName, Email, Phone, Age) values (59, 'Lynea', 'Byram', 'lbyram1m@tripadvisor.com', '478-268-9140', 43);
insert into Student (ID, FirstName, LastName, Email, Phone, Age) values (60, 'Herschel', 'Hawford', 'hhawford1n@cbslocal.com', '626-841-2176', 100);
insert into Student (ID, FirstName, LastName, Email, Phone, Age) values (61, 'Boycie', 'Piatkow', 'bpiatkow1o@virginia.edu', '773-770-4113', 25);
insert into Student (ID, FirstName, LastName, Email, Phone, Age) values (62, 'Richardo', 'Flight', 'rflight1p@si.edu', '557-519-1250', 82);
insert into Student (ID, FirstName, LastName, Email, Phone, Age) values (63, 'Jorie', 'Alford', 'jalford1q@arizona.edu', '338-179-8842', 93);
insert into Student (ID, FirstName, LastName, Email, Phone, Age) values (64, 'Myrtia', 'Usherwood', 'musherwood1r@fastcompany.com', '546-522-1233', 34);
insert into Student (ID, FirstName, LastName, Email, Phone, Age) values (65, 'Quint', 'Mangin', 'qmangin1s@cnet.com', '240-517-9247', 88);
insert into Student (ID, FirstName, LastName, Email, Phone, Age) values (66, 'Laureen', 'Robert', 'lrobert1t@issuu.com', '816-718-0247', 85);
insert into Student (ID, FirstName, LastName, Email, Phone, Age) values (67, 'Emlen', 'Starkings', 'estarkings1u@last.fm', '397-248-9161', 94);
insert into Student (ID, FirstName, LastName, Email, Phone, Age) values (68, 'Donielle', 'Oxley', 'doxley1v@theglobeandmail.com', '982-305-7274', 60);
insert into Student (ID, FirstName, LastName, Email, Phone, Age) values (69, 'Jonas', 'Causley', 'jcausley1w@addtoany.com', '535-166-6904', 77);
insert into Student (ID, FirstName, LastName, Email, Phone, Age) values (70, 'Ezekiel', 'Digger', 'edigger1x@cocolog-nifty.com', '283-538-5156', 60);
insert into Student (ID, FirstName, LastName, Email, Phone, Age) values (71, 'Asia', 'Bladesmith', 'abladesmith1y@so-net.ne.jp', '572-837-2780', 41);
insert into Student (ID, FirstName, LastName, Email, Phone, Age) values (72, 'Robbie', 'Darrigoe', 'rdarrigoe1z@google.co.uk', '408-519-0299', 59);
insert into Student (ID, FirstName, LastName, Email, Phone, Age) values (73, 'Inge', 'Penkman', 'ipenkman20@army.mil', '248-978-1874', 25);
insert into Student (ID, FirstName, LastName, Email, Phone, Age) values (74, 'Zack', 'Meffin', 'zmeffin21@blogs.com', '265-557-2126', 76);
insert into Student (ID, FirstName, LastName, Email, Phone, Age) values (75, 'Hershel', 'Nornasell', 'hnornasell22@stumbleupon.com', '103-443-3085', 85);
insert into Student (ID, FirstName, LastName, Email, Phone, Age) values (76, 'Myra', 'Whapples', 'mwhapples23@woothemes.com', '131-740-7257', 83);
insert into Student (ID, FirstName, LastName, Email, Phone, Age) values (77, 'Trix', 'Hans', 'thans24@kickstarter.com', '372-960-7708', 84);
insert into Student (ID, FirstName, LastName, Email, Phone, Age) values (78, 'Heath', 'Birtwhistle', 'hbirtwhistle25@google.co.uk', '149-953-1277', 60);
insert into Student (ID, FirstName, LastName, Email, Phone, Age) values (79, 'Adoree', 'Minico', 'aminico26@thetimes.co.uk', '937-958-5895', 67);
insert into Student (ID, FirstName, LastName, Email, Phone, Age) values (80, 'Lonnie', 'Mobley', 'lmobley27@ed.gov', '100-613-0777', 62);
insert into Student (ID, FirstName, LastName, Email, Phone, Age) values (81, 'Antons', 'Waren', 'awaren28@1688.com', '597-987-1450', 55);
insert into Student (ID, FirstName, LastName, Email, Phone, Age) values (82, 'Everett', 'Sitford', 'esitford29@cbsnews.com', '716-441-1508', 22);
insert into Student (ID, FirstName, LastName, Email, Phone, Age) values (83, 'Jolyn', 'Honnan', 'jhonnan2a@slashdot.org', '767-494-9267', 37);
insert into Student (ID, FirstName, LastName, Email, Phone, Age) values (84, 'Kirby', 'Blench', 'kblench2b@jalbum.net', '120-700-9301', 30);
insert into Student (ID, FirstName, LastName, Email, Phone, Age) values (85, 'Vinson', 'Brabyn', 'vbrabyn2c@mtv.com', '483-211-1210', 70);
insert into Student (ID, FirstName, LastName, Email, Phone, Age) values (86, 'Silvano', 'Struthers', 'sstruthers2d@upenn.edu', '877-858-3893', 51);
insert into Student (ID, FirstName, LastName, Email, Phone, Age) values (87, 'Bary', 'Midlane', 'bmidlane2e@homestead.com', '852-651-1152', 93);
insert into Student (ID, FirstName, LastName, Email, Phone, Age) values (88, 'Janaya', 'Rimington', 'jrimington2f@ucla.edu', '374-719-8311', 77);
insert into Student (ID, FirstName, LastName, Email, Phone, Age) values (89, 'Mufinella', 'Brickdale', 'mbrickdale2g@deliciousdays.com', '832-405-2511', 68);
insert into Student (ID, FirstName, LastName, Email, Phone, Age) values (90, 'Persis', 'Cicculi', 'pcicculi2h@tripod.com', '673-449-3759', 45);
insert into Student (ID, FirstName, LastName, Email, Phone, Age) values (91, 'Mandi', 'Ivanovic', 'mivanovic2i@blog.com', '924-373-5565', 84);
insert into Student (ID, FirstName, LastName, Email, Phone, Age) values (92, 'Joachim', 'Chevolleau', 'jchevolleau2j@google.fr', '986-860-4760', 37);
insert into Student (ID, FirstName, LastName, Email, Phone, Age) values (93, 'Cyndy', 'Furnell', 'cfurnell2k@wordpress.com', '511-934-4726', 95);
insert into Student (ID, FirstName, LastName, Email, Phone, Age) values (94, 'Malynda', 'Lints', 'mlints2l@dailymail.co.uk', '255-939-3069', 87);
insert into Student (ID, FirstName, LastName, Email, Phone, Age) values (95, 'Jasmina', 'Outerbridge', 'jouterbridge2m@smh.com.au', '303-675-9880', 59);
insert into Student (ID, FirstName, LastName, Email, Phone, Age) values (96, 'Arabella', 'Piburn', 'apiburn2n@exblog.jp', '222-179-7327', 44);
insert into Student (ID, FirstName, LastName, Email, Phone, Age) values (97, 'Marcelline', 'Mangham', 'mmangham2o@techcrunch.com', '347-546-5345', 89);
insert into Student (ID, FirstName, LastName, Email, Phone, Age) values (98, 'Jenn', 'Barrie', 'jbarrie2p@cnet.com', '443-310-2655', 62);
insert into Student (ID, FirstName, LastName, Email, Phone, Age) values (99, 'Hetty', 'Rubee', 'hrubee2q@elegantthemes.com', '824-327-9080', 53);
insert into Student (ID, FirstName, LastName, Email, Phone, Age) values (100, 'Adiana', 'Baily', 'abaily2r@answers.com', '920-518-0186', 22);
insert into Student (ID, FirstName, LastName, Email, Phone, Age) values (101, 'Dimitri', 'Prevett', 'dprevett2s@jugem.jp', '562-215-3159', 39);
insert into Student (ID, FirstName, LastName, Email, Phone, Age) values (102, 'Ariel', 'Dorn', 'adorn2t@slashdot.org', '488-490-2995', 50);
insert into Student (ID, FirstName, LastName, Email, Phone, Age) values (103, 'Lucinda', 'Dawby', 'ldawby2u@skype.com', '351-287-4928', 81);
insert into Student (ID, FirstName, LastName, Email, Phone, Age) values (104, 'Gerry', 'Pieterick', 'gpieterick2v@discovery.com', '673-106-3946', 82);
insert into Student (ID, FirstName, LastName, Email, Phone, Age) values (105, 'Rina', 'D''Oyley', 'rdoyley2w@jigsy.com', '400-122-9695', 64);
insert into Student (ID, FirstName, LastName, Email, Phone, Age) values (106, 'Brenda', 'Farnie', 'bfarnie2x@hostgator.com', '755-237-1463', 21);
insert into Student (ID, FirstName, LastName, Email, Phone, Age) values (107, 'Eddie', 'Davinet', 'edavinet2y@abc.net.au', '354-769-3967', 58);
insert into Student (ID, FirstName, LastName, Email, Phone, Age) values (108, 'Carlynn', 'Ragless', 'cragless2z@usa.gov', '961-502-4645', 29);
insert into Student (ID, FirstName, LastName, Email, Phone, Age) values (109, 'Burk', 'Leathe', 'bleathe30@alibaba.com', '359-221-4208', 55);
insert into Student (ID, FirstName, LastName, Email, Phone, Age) values (110, 'Clemmy', 'Tippett', 'ctippett31@live.com', '669-398-7100', 82);
insert into Student (ID, FirstName, LastName, Email, Phone, Age) values (111, 'Mariska', 'Cisco', 'mcisco32@imgur.com', '785-904-2132', 75);
insert into Student (ID, FirstName, LastName, Email, Phone, Age) values (112, 'Anita', 'Halegarth', 'ahalegarth33@pbs.org', '291-352-0839', 92);
insert into Student (ID, FirstName, LastName, Email, Phone, Age) values (113, 'Simonette', 'Darth', 'sdarth34@ucsd.edu', '437-757-9818', 87);
insert into Student (ID, FirstName, LastName, Email, Phone, Age) values (114, 'Kissiah', 'Zambon', 'kzambon35@geocities.com', '597-870-5013', 23);
insert into Student (ID, FirstName, LastName, Email, Phone, Age) values (115, 'Caro', 'Wickstead', 'cwickstead36@yolasite.com', '928-926-9096', 65);
insert into Student (ID, FirstName, LastName, Email, Phone, Age) values (116, 'Shannah', 'Jekyll', 'sjekyll37@stanford.edu', '515-917-9967', 81);
insert into Student (ID, FirstName, LastName, Email, Phone, Age) values (117, 'Estella', 'Donoher', 'edonoher38@washington.edu', '651-417-5970', 57);
insert into Student (ID, FirstName, LastName, Email, Phone, Age) values (118, 'Ware', 'Hyslop', 'whyslop39@unicef.org', '471-155-4908', 61);
insert into Student (ID, FirstName, LastName, Email, Phone, Age) values (119, 'Sigrid', 'Maggill''Andreis', 'smaggillandreis3a@dmoz.org', '361-906-9760', 34);
insert into Student (ID, FirstName, LastName, Email, Phone, Age) values (120, 'Rikki', 'Sawkins', 'rsawkins3b@list-manage.com', '933-405-6221', 45);
insert into Student (ID, FirstName, LastName, Email, Phone, Age) values (121, 'Cinda', 'Trevillion', 'ctrevillion3c@photobucket.com', '946-144-6408', 41);
insert into Student (ID, FirstName, LastName, Email, Phone, Age) values (122, 'Neils', 'Cranshaw', 'ncranshaw3d@fastcompany.com', '509-245-5088', 30);
insert into Student (ID, FirstName, LastName, Email, Phone, Age) values (123, 'Berkeley', 'Pounds', 'bpounds3e@elegantthemes.com', '600-297-3418', 28);
insert into Student (ID, FirstName, LastName, Email, Phone, Age) values (124, 'Merlina', 'Paeckmeyer', 'mpaeckmeyer3f@slashdot.org', '769-743-8899', 80);
insert into Student (ID, FirstName, LastName, Email, Phone, Age) values (125, 'Fallon', 'Seide', 'fseide3g@altervista.org', '662-384-6741', 70);
insert into Student (ID, FirstName, LastName, Email, Phone, Age) values (126, 'George', 'Biggans', 'gbiggans3h@aol.com', '324-589-6509', 68);
insert into Student (ID, FirstName, LastName, Email, Phone, Age) values (127, 'Peria', 'Troth', 'ptroth3i@fastcompany.com', '180-920-3209', 37);
insert into Student (ID, FirstName, LastName, Email, Phone, Age) values (128, 'Irvin', 'Tue', 'itue3j@people.com.cn', '177-948-5496', 96);
insert into Student (ID, FirstName, LastName, Email, Phone, Age) values (129, 'Guglielmo', 'Braiden', 'gbraiden3k@indiegogo.com', '150-957-2055', 34);
insert into Student (ID, FirstName, LastName, Email, Phone, Age) values (130, 'Ora', 'Maddock', 'omaddock3l@ning.com', '159-581-9972', 25);
insert into Student (ID, FirstName, LastName, Email, Phone, Age) values (131, 'Ric', 'Edmead', 'redmead3m@cmu.edu', '672-879-4371', 24);
insert into Student (ID, FirstName, LastName, Email, Phone, Age) values (132, 'Lorrayne', 'Ploughwright', 'lploughwright3n@histats.com', '802-948-8098', 40);
insert into Student (ID, FirstName, LastName, Email, Phone, Age) values (133, 'Dewitt', 'Gaven', 'dgaven3o@google.de', '344-559-4265', 73);
insert into Student (ID, FirstName, LastName, Email, Phone, Age) values (134, 'Verine', 'Patillo', 'vpatillo3p@umn.edu', '511-431-8313', 74);
insert into Student (ID, FirstName, LastName, Email, Phone, Age) values (135, 'Rosemary', 'Hurry', 'rhurry3q@github.com', '139-471-4755', 23);
insert into Student (ID, FirstName, LastName, Email, Phone, Age) values (136, 'Bette-ann', 'Josey', 'bjosey3r@about.me', '140-209-5261', 53);
insert into Student (ID, FirstName, LastName, Email, Phone, Age) values (137, 'Wayne', 'Saenz', 'wsaenz3s@google.com.au', '387-363-2941', 56);
insert into Student (ID, FirstName, LastName, Email, Phone, Age) values (138, 'Agneta', 'Mates', 'amates3t@istockphoto.com', '662-264-7861', 60);
insert into Student (ID, FirstName, LastName, Email, Phone, Age) values (139, 'Babette', 'Edscer', 'bedscer3u@drupal.org', '742-525-2673', 76);
insert into Student (ID, FirstName, LastName, Email, Phone, Age) values (140, 'Morty', 'O''Fielly', 'mofielly3v@discovery.com', '649-737-4241', 34);
insert into Student (ID, FirstName, LastName, Email, Phone, Age) values (141, 'Shelbi', 'Sadgrove', 'ssadgrove3w@blogger.com', '754-407-8397', 78);
insert into Student (ID, FirstName, LastName, Email, Phone, Age) values (142, 'Sherwin', 'Gowers', 'sgowers3x@qq.com', '290-902-7640', 20);
insert into Student (ID, FirstName, LastName, Email, Phone, Age) values (143, 'Zachary', 'Bancroft', 'zbancroft3y@huffingtonpost.com', '926-557-0061', 39);
insert into Student (ID, FirstName, LastName, Email, Phone, Age) values (144, 'Stevana', 'Coatham', 'scoatham3z@goo.gl', '874-561-5041', 54);
insert into Student (ID, FirstName, LastName, Email, Phone, Age) values (145, 'Ashbey', 'Overlow', 'aoverlow40@reuters.com', '512-173-5780', 77);
insert into Student (ID, FirstName, LastName, Email, Phone, Age) values (146, 'Sherill', 'Aberhart', 'saberhart41@guardian.co.uk', '414-600-0438', 61);
insert into Student (ID, FirstName, LastName, Email, Phone, Age) values (147, 'Orella', 'Dagnan', 'odagnan42@paginegialle.it', '806-793-0754', 45);
insert into Student (ID, FirstName, LastName, Email, Phone, Age) values (148, 'Zuzana', 'Poole', 'zpoole43@ted.com', '593-522-2748', 85);
insert into Student (ID, FirstName, LastName, Email, Phone, Age) values (149, 'Zita', 'Braunes', 'zbraunes44@pbs.org', '466-130-9943', 94);
insert into Student (ID, FirstName, LastName, Email, Phone, Age) values (150, 'Salmon', 'Castard', 'scastard45@spiegel.de', '138-707-4998', 82);
insert into Student (ID, FirstName, LastName, Email, Phone, Age) values (151, 'Simone', 'Begin', 'sbegin46@comcast.net', '375-845-8732', 82);
insert into Student (ID, FirstName, LastName, Email, Phone, Age) values (152, 'Clemmie', 'Klee', 'cklee47@bloomberg.com', '219-993-4445', 49);
insert into Student (ID, FirstName, LastName, Email, Phone, Age) values (153, 'Barnett', 'Millgate', 'bmillgate48@accuweather.com', '217-728-8436', 36);
insert into Student (ID, FirstName, LastName, Email, Phone, Age) values (154, 'Flint', 'Steketee', 'fsteketee49@intel.com', '480-975-0202', 54);
insert into Student (ID, FirstName, LastName, Email, Phone, Age) values (155, 'Chariot', 'Basili', 'cbasili4a@elpais.com', '524-893-0613', 74);
insert into Student (ID, FirstName, LastName, Email, Phone, Age) values (156, 'Guilbert', 'Waddilove', 'gwaddilove4b@japanpost.jp', '337-550-7298', 53);
insert into Student (ID, FirstName, LastName, Email, Phone, Age) values (157, 'Jerad', 'Karolovsky', 'jkarolovsky4c@nps.gov', '391-664-2257', 83);
insert into Student (ID, FirstName, LastName, Email, Phone, Age) values (158, 'Jehanna', 'Real', 'jreal4d@salon.com', '449-495-9543', 41);
insert into Student (ID, FirstName, LastName, Email, Phone, Age) values (159, 'Geneva', 'Hawkin', 'ghawkin4e@mlb.com', '424-781-2736', 98);
insert into Student (ID, FirstName, LastName, Email, Phone, Age) values (160, 'Georgena', 'Russe', 'grusse4f@nsw.gov.au', '708-810-7262', 39);
insert into Student (ID, FirstName, LastName, Email, Phone, Age) values (161, 'Jaymee', 'Fincher', 'jfincher4g@arstechnica.com', '283-818-0703', 81);
insert into Student (ID, FirstName, LastName, Email, Phone, Age) values (162, 'Aylmar', 'Jendrys', 'ajendrys4h@nytimes.com', '678-616-4244', 53);
insert into Student (ID, FirstName, LastName, Email, Phone, Age) values (163, 'Norina', 'Bloore', 'nbloore4i@hexun.com', '700-983-8455', 94);
insert into Student (ID, FirstName, LastName, Email, Phone, Age) values (164, 'Pearla', 'MacSwayde', 'pmacswayde4j@chicagotribune.com', '846-216-6136', 49);
insert into Student (ID, FirstName, LastName, Email, Phone, Age) values (165, 'Rakel', 'Schrieves', 'rschrieves4k@pcworld.com', '932-317-0789', 58);
insert into Student (ID, FirstName, LastName, Email, Phone, Age) values (166, 'Claire', 'Huckle', 'chuckle4l@canalblog.com', '815-378-2062', 55);
insert into Student (ID, FirstName, LastName, Email, Phone, Age) values (167, 'Maggee', 'Stabbins', 'mstabbins4m@cmu.edu', '693-496-2547', 85);
insert into Student (ID, FirstName, LastName, Email, Phone, Age) values (168, 'Gaelan', 'Ashe', 'gashe4n@mail.ru', '382-754-4330', 56);
insert into Student (ID, FirstName, LastName, Email, Phone, Age) values (169, 'Rodolfo', 'Stollery', 'rstollery4o@behance.net', '209-771-8724', 27);
insert into Student (ID, FirstName, LastName, Email, Phone, Age) values (170, 'Ashleigh', 'Stiffkins', 'astiffkins4p@mapy.cz', '492-913-1766', 47);
insert into Student (ID, FirstName, LastName, Email, Phone, Age) values (171, 'Tabbitha', 'Becconsall', 'tbecconsall4q@gnu.org', '778-600-7023', 43);
insert into Student (ID, FirstName, LastName, Email, Phone, Age) values (172, 'Leonora', 'Spybey', 'lspybey4r@npr.org', '462-994-3482', 49);
insert into Student (ID, FirstName, LastName, Email, Phone, Age) values (173, 'Salli', 'Lidgard', 'slidgard4s@ucla.edu', '523-980-3837', 34);
insert into Student (ID, FirstName, LastName, Email, Phone, Age) values (174, 'Arvin', 'Werrett', 'awerrett4t@taobao.com', '446-315-4534', 99);
insert into Student (ID, FirstName, LastName, Email, Phone, Age) values (175, 'Gerta', 'Grebbin', 'ggrebbin4u@flickr.com', '156-785-2684', 29);
insert into Student (ID, FirstName, LastName, Email, Phone, Age) values (176, 'Deirdre', 'Kynd', 'dkynd4v@bloglines.com', '177-971-1397', 80);
insert into Student (ID, FirstName, LastName, Email, Phone, Age) values (177, 'Sindee', 'Liles', 'sliles4w@guardian.co.uk', '399-205-1242', 96);
insert into Student (ID, FirstName, LastName, Email, Phone, Age) values (178, 'Haslett', 'Ragg', 'hragg4x@csmonitor.com', '266-471-0474', 55);
insert into Student (ID, FirstName, LastName, Email, Phone, Age) values (179, 'Maryjane', 'Cudbird', 'mcudbird4y@drupal.org', '274-940-6975', 55);
insert into Student (ID, FirstName, LastName, Email, Phone, Age) values (180, 'Germaine', 'Massen', 'gmassen4z@photobucket.com', '906-252-1370', 28);
insert into Student (ID, FirstName, LastName, Email, Phone, Age) values (181, 'Eirena', 'Brigshaw', 'ebrigshaw50@edublogs.org', '971-632-2965', 38);
insert into Student (ID, FirstName, LastName, Email, Phone, Age) values (182, 'Jerrylee', 'Jelk', 'jjelk51@topsy.com', '424-979-2938', 44);
insert into Student (ID, FirstName, LastName, Email, Phone, Age) values (183, 'Celisse', 'Erik', 'cerik52@harvard.edu', '304-274-2062', 25);
insert into Student (ID, FirstName, LastName, Email, Phone, Age) values (184, 'Lion', 'MacPhaden', 'lmacphaden53@mlb.com', '937-324-4052', 42);
insert into Student (ID, FirstName, LastName, Email, Phone, Age) values (185, 'Rosa', 'Dayer', 'rdayer54@alibaba.com', '614-186-0372', 90);
insert into Student (ID, FirstName, LastName, Email, Phone, Age) values (186, 'Andromache', 'Claige', 'aclaige55@amazon.com', '173-643-4042', 83);
insert into Student (ID, FirstName, LastName, Email, Phone, Age) values (187, 'Adah', 'Spikins', 'aspikins56@admin.ch', '710-536-1907', 84);
insert into Student (ID, FirstName, LastName, Email, Phone, Age) values (188, 'Germain', 'Joerning', 'gjoerning57@deliciousdays.com', '200-754-2675', 83);
insert into Student (ID, FirstName, LastName, Email, Phone, Age) values (189, 'Lotte', 'Bezzant', 'lbezzant58@ft.com', '700-301-6704', 81);
insert into Student (ID, FirstName, LastName, Email, Phone, Age) values (190, 'Alena', 'Pennycock', 'apennycock59@unesco.org', '873-549-3219', 81);
insert into Student (ID, FirstName, LastName, Email, Phone, Age) values (191, 'Ianthe', 'Fayerbrother', 'ifayerbrother5a@pen.io', '983-228-6040', 96);
insert into Student (ID, FirstName, LastName, Email, Phone, Age) values (192, 'Wilbur', 'Pohl', 'wpohl5b@engadget.com', '114-696-3648', 76);
insert into Student (ID, FirstName, LastName, Email, Phone, Age) values (193, 'Amalia', 'Mc Comb', 'amccomb5c@addthis.com', '784-960-8110', 93);
insert into Student (ID, FirstName, LastName, Email, Phone, Age) values (194, 'Aeriel', 'Flintiff', 'aflintiff5d@shinystat.com', '563-363-3566', 60);
insert into Student (ID, FirstName, LastName, Email, Phone, Age) values (195, 'Lew', 'Tregunna', 'ltregunna5e@angelfire.com', '186-455-0345', 29);
insert into Student (ID, FirstName, LastName, Email, Phone, Age) values (196, 'Rhianna', 'Woodwing', 'rwoodwing5f@nps.gov', '355-872-1491', 50);
insert into Student (ID, FirstName, LastName, Email, Phone, Age) values (197, 'Malvina', 'Denisyev', 'mdenisyev5g@cargocollective.com', '122-117-9584', 75);
insert into Student (ID, FirstName, LastName, Email, Phone, Age) values (198, 'Frederik', 'Kristoffersen', 'fkristoffersen5h@list-manage.com', '768-875-2864', 59);
insert into Student (ID, FirstName, LastName, Email, Phone, Age) values (199, 'Isaac', 'Kiraly', 'ikiraly5i@dropbox.com', '593-285-5233', 99);
insert into Student (ID, FirstName, LastName, Email, Phone, Age) values (200, 'Lela', 'Clute', 'lclute5j@cafepress.com', '677-112-8128', 77);
insert into Student (ID, FirstName, LastName, Email, Phone, Age) values (201, 'Abagael', 'Dobeson', 'adobeson5k@unc.edu', '917-693-9189', 38);
insert into Student (ID, FirstName, LastName, Email, Phone, Age) values (202, 'Farleigh', 'Geely', 'fgeely5l@mac.com', '875-595-2739', 52);
insert into Student (ID, FirstName, LastName, Email, Phone, Age) values (203, 'Oralle', 'Fyfield', 'ofyfield5m@free.fr', '202-518-2187', 69);
insert into Student (ID, FirstName, LastName, Email, Phone, Age) values (204, 'Beatrix', 'Montacute', 'bmontacute5n@weibo.com', '846-249-9023', 28);
insert into Student (ID, FirstName, LastName, Email, Phone, Age) values (205, 'Carly', 'Bulstrode', 'cbulstrode5o@cornell.edu', '639-859-2926', 89);
insert into Student (ID, FirstName, LastName, Email, Phone, Age) values (206, 'Ignatius', 'Pope', 'ipope5p@bbb.org', '273-892-8323', 68);
insert into Student (ID, FirstName, LastName, Email, Phone, Age) values (207, 'Lesya', 'Surby', 'lsurby5q@edublogs.org', '274-311-6494', 74);
insert into Student (ID, FirstName, LastName, Email, Phone, Age) values (208, 'Iain', 'Boddie', 'iboddie5r@cargocollective.com', '731-198-6116', 19);
insert into Student (ID, FirstName, LastName, Email, Phone, Age) values (209, 'Ana', 'Pudding', 'apudding5s@parallels.com', '506-553-2605', 82);
insert into Student (ID, FirstName, LastName, Email, Phone, Age) values (210, 'Burt', 'Louch', 'blouch5t@cnn.com', '383-246-1587', 94);
insert into Student (ID, FirstName, LastName, Email, Phone, Age) values (211, 'Lexis', 'Tooker', 'ltooker5u@stanford.edu', '933-284-4901', 34);
insert into Student (ID, FirstName, LastName, Email, Phone, Age) values (212, 'Zola', 'Blaise', 'zblaise5v@ed.gov', '687-700-0070', 86);
insert into Student (ID, FirstName, LastName, Email, Phone, Age) values (213, 'Kit', 'Cureton', 'kcureton5w@thetimes.co.uk', '922-434-3221', 96);
insert into Student (ID, FirstName, LastName, Email, Phone, Age) values (214, 'Patsy', 'Crab', 'pcrab5x@ask.com', '481-818-5112', 66);
insert into Student (ID, FirstName, LastName, Email, Phone, Age) values (215, 'Eba', 'Trembley', 'etrembley5y@nationalgeographic.com', '615-542-0876', 78);
insert into Student (ID, FirstName, LastName, Email, Phone, Age) values (216, 'Quinn', 'Batt', 'qbatt5z@dedecms.com', '260-302-6151', 63);
insert into Student (ID, FirstName, LastName, Email, Phone, Age) values (217, 'Marthe', 'Faill', 'mfaill60@purevolume.com', '475-715-7697', 32);
insert into Student (ID, FirstName, LastName, Email, Phone, Age) values (218, 'Roslyn', 'Lishman', 'rlishman61@eventbrite.com', '507-472-4577', 58);
insert into Student (ID, FirstName, LastName, Email, Phone, Age) values (219, 'Annabelle', 'Petrashkov', 'apetrashkov62@cornell.edu', '916-469-2500', 100);
insert into Student (ID, FirstName, LastName, Email, Phone, Age) values (220, 'Millard', 'Ferrierio', 'mferrierio63@creativecommons.org', '476-947-6422', 26);
insert into Student (ID, FirstName, LastName, Email, Phone, Age) values (221, 'Rowe', 'Guarnier', 'rguarnier64@ovh.net', '602-674-0626', 86);
insert into Student (ID, FirstName, LastName, Email, Phone, Age) values (222, 'Susanetta', 'Assandri', 'sassandri65@edublogs.org', '789-391-7102', 88);
insert into Student (ID, FirstName, LastName, Email, Phone, Age) values (223, 'Steffi', 'Chesnut', 'schesnut66@nature.com', '954-980-1949', 63);
insert into Student (ID, FirstName, LastName, Email, Phone, Age) values (224, 'Faythe', 'Titheridge', 'ftitheridge67@webs.com', '199-834-2702', 88);
insert into Student (ID, FirstName, LastName, Email, Phone, Age) values (225, 'Agosto', 'Olphert', 'aolphert68@vkontakte.ru', '888-200-6603', 69);
insert into Student (ID, FirstName, LastName, Email, Phone, Age) values (226, 'Sharona', 'Prigg', 'sprigg69@netscape.com', '745-233-8929', 20);
insert into Student (ID, FirstName, LastName, Email, Phone, Age) values (227, 'Clayborn', 'Kulic', 'ckulic6a@hao123.com', '430-247-5299', 35);
insert into Student (ID, FirstName, LastName, Email, Phone, Age) values (228, 'Mariska', 'Hurran', 'mhurran6b@businessinsider.com', '733-304-0084', 31);
insert into Student (ID, FirstName, LastName, Email, Phone, Age) values (229, 'Jorge', 'Boakes', 'jboakes6c@sina.com.cn', '718-723-9402', 76);
insert into Student (ID, FirstName, LastName, Email, Phone, Age) values (230, 'Evania', 'Aldcorn', 'ealdcorn6d@canalblog.com', '539-789-8731', 45);
insert into Student (ID, FirstName, LastName, Email, Phone, Age) values (231, 'Ryon', 'MacCahee', 'rmaccahee6e@youtu.be', '690-129-6675', 95);
insert into Student (ID, FirstName, LastName, Email, Phone, Age) values (232, 'Romola', 'Turrell', 'rturrell6f@telegraph.co.uk', '404-282-1066', 66);
insert into Student (ID, FirstName, LastName, Email, Phone, Age) values (233, 'Rosita', 'Levey', 'rlevey6g@imageshack.us', '872-288-3514', 91);
insert into Student (ID, FirstName, LastName, Email, Phone, Age) values (234, 'Herold', 'Edmott', 'hedmott6h@reference.com', '558-333-6642', 29);
insert into Student (ID, FirstName, LastName, Email, Phone, Age) values (235, 'Frank', 'Squires', 'fsquires6i@yolasite.com', '629-253-2580', 98);
insert into Student (ID, FirstName, LastName, Email, Phone, Age) values (236, 'Britte', 'Alston', 'balston6j@google.co.jp', '963-149-1246', 75);
insert into Student (ID, FirstName, LastName, Email, Phone, Age) values (237, 'Cosimo', 'Jewess', 'cjewess6k@umich.edu', '982-869-2700', 77);
insert into Student (ID, FirstName, LastName, Email, Phone, Age) values (238, 'Ikey', 'Luthwood', 'iluthwood6l@bizjournals.com', '911-401-6539', 74);
insert into Student (ID, FirstName, LastName, Email, Phone, Age) values (239, 'Delinda', 'Blacklidge', 'dblacklidge6m@multiply.com', '986-429-2041', 18);
insert into Student (ID, FirstName, LastName, Email, Phone, Age) values (240, 'Gibbie', 'Aireton', 'gaireton6n@163.com', '773-771-8152', 79);
insert into Student (ID, FirstName, LastName, Email, Phone, Age) values (241, 'Vidovik', 'Swash', 'vswash6o@mlb.com', '898-430-4092', 88);
insert into Student (ID, FirstName, LastName, Email, Phone, Age) values (242, 'Hugibert', 'Gainsboro', 'hgainsboro6p@mysql.com', '803-555-4301', 62);
insert into Student (ID, FirstName, LastName, Email, Phone, Age) values (243, 'Maxim', 'Doale', 'mdoale6q@ihg.com', '944-974-2374', 58);
insert into Student (ID, FirstName, LastName, Email, Phone, Age) values (244, 'Betteanne', 'Stovold', 'bstovold6r@g.co', '680-816-4163', 37);
insert into Student (ID, FirstName, LastName, Email, Phone, Age) values (245, 'Fitzgerald', 'Edds', 'fedds6s@ebay.co.uk', '412-336-0544', 22);
insert into Student (ID, FirstName, LastName, Email, Phone, Age) values (246, 'Jobi', 'Urry', 'jurry6t@microsoft.com', '940-983-6423', 62);
insert into Student (ID, FirstName, LastName, Email, Phone, Age) values (247, 'Sacha', 'Kubyszek', 'skubyszek6u@mtv.com', '745-540-8144', 93);
insert into Student (ID, FirstName, LastName, Email, Phone, Age) values (248, 'Franky', 'Lapley', 'flapley6v@engadget.com', '906-944-1327', 98);
insert into Student (ID, FirstName, LastName, Email, Phone, Age) values (249, 'Caddric', 'Cappell', 'ccappell6w@earthlink.net', '942-583-7790', 79);
insert into Student (ID, FirstName, LastName, Email, Phone, Age) values (250, 'Junia', 'Toman', 'jtoman6x@dailymail.co.uk', '155-136-7679', 66);
insert into Student (ID, FirstName, LastName, Email, Phone, Age) values (251, 'Morris', 'Hanigan', 'mhanigan6y@csmonitor.com', '808-403-1593', 64);
insert into Student (ID, FirstName, LastName, Email, Phone, Age) values (252, 'Van', 'Jaxon', 'vjaxon6z@irs.gov', '145-412-5250', 77);
insert into Student (ID, FirstName, LastName, Email, Phone, Age) values (253, 'Moss', 'Ciotti', 'mciotti70@chron.com', '697-954-4607', 70);
insert into Student (ID, FirstName, LastName, Email, Phone, Age) values (254, 'Keir', 'Wiz', 'kwiz71@typepad.com', '362-623-6444', 49);
insert into Student (ID, FirstName, LastName, Email, Phone, Age) values (255, 'Charlton', 'Crasford', 'ccrasford72@zdnet.com', '674-327-9042', 47);
insert into Student (ID, FirstName, LastName, Email, Phone, Age) values (256, 'Harmonia', 'Lettson', 'hlettson73@theatlantic.com', '169-204-3538', 98);
insert into Student (ID, FirstName, LastName, Email, Phone, Age) values (257, 'Geoffry', 'Rundall', 'grundall74@myspace.com', '907-472-1842', 66);
insert into Student (ID, FirstName, LastName, Email, Phone, Age) values (258, 'Tory', 'Keneford', 'tkeneford75@weather.com', '288-835-2155', 50);
insert into Student (ID, FirstName, LastName, Email, Phone, Age) values (259, 'Iona', 'Leiden', 'ileiden76@zdnet.com', '334-309-9955', 68);
insert into Student (ID, FirstName, LastName, Email, Phone, Age) values (260, 'Meggi', 'Pacht', 'mpacht77@blogs.com', '402-932-9350', 55);
insert into Student (ID, FirstName, LastName, Email, Phone, Age) values (261, 'Nanci', 'Gandey', 'ngandey78@joomla.org', '137-192-1008', 62);
insert into Student (ID, FirstName, LastName, Email, Phone, Age) values (262, 'Vittoria', 'Haucke', 'vhaucke79@dailymail.co.uk', '692-560-1247', 68);
insert into Student (ID, FirstName, LastName, Email, Phone, Age) values (263, 'Bertina', 'Semeradova', 'bsemeradova7a@answers.com', '854-996-0111', 75);
insert into Student (ID, FirstName, LastName, Email, Phone, Age) values (264, 'Belicia', 'Lattin', 'blattin7b@live.com', '977-121-9613', 26);
insert into Student (ID, FirstName, LastName, Email, Phone, Age) values (265, 'Jeralee', 'Munnings', 'jmunnings7c@ebay.com', '773-101-4341', 52);
insert into Student (ID, FirstName, LastName, Email, Phone, Age) values (266, 'Avictor', 'Genese', 'agenese7d@nsw.gov.au', '831-678-1739', 59);
insert into Student (ID, FirstName, LastName, Email, Phone, Age) values (267, 'Win', 'Errichi', 'werrichi7e@opera.com', '928-707-8949', 40);
insert into Student (ID, FirstName, LastName, Email, Phone, Age) values (268, 'Isobel', 'Bohlje', 'ibohlje7f@devhub.com', '133-627-9396', 79);
insert into Student (ID, FirstName, LastName, Email, Phone, Age) values (269, 'Addi', 'Calderhead', 'acalderhead7g@ovh.net', '844-537-8441', 28);
insert into Student (ID, FirstName, LastName, Email, Phone, Age) values (270, 'Tad', 'O''Kane', 'tokane7h@ftc.gov', '168-104-9958', 21);
insert into Student (ID, FirstName, LastName, Email, Phone, Age) values (271, 'Muriel', 'Bramich', 'mbramich7i@hatena.ne.jp', '251-882-2753', 55);
insert into Student (ID, FirstName, LastName, Email, Phone, Age) values (272, 'Ham', 'Mattea', 'hmattea7j@ameblo.jp', '533-686-9964', 72);
insert into Student (ID, FirstName, LastName, Email, Phone, Age) values (273, 'Renado', 'Plester', 'rplester7k@live.com', '362-155-8191', 89);
insert into Student (ID, FirstName, LastName, Email, Phone, Age) values (274, 'Isaiah', 'Bassill', 'ibassill7l@pinterest.com', '790-976-5975', 63);
insert into Student (ID, FirstName, LastName, Email, Phone, Age) values (275, 'Rey', 'Prydden', 'rprydden7m@ucsd.edu', '892-175-4482', 49);
insert into Student (ID, FirstName, LastName, Email, Phone, Age) values (276, 'Dacie', 'Aiton', 'daiton7n@goodreads.com', '761-210-3467', 79);
insert into Student (ID, FirstName, LastName, Email, Phone, Age) values (277, 'Tiler', 'Vaughan-Hughes', 'tvaughanhughes7o@php.net', '964-972-6304', 28);
insert into Student (ID, FirstName, LastName, Email, Phone, Age) values (278, 'Koenraad', 'Harkins', 'kharkins7p@histats.com', '577-544-7094', 42);
insert into Student (ID, FirstName, LastName, Email, Phone, Age) values (279, 'Town', 'Airton', 'tairton7q@nyu.edu', '290-974-9311', 36);
insert into Student (ID, FirstName, LastName, Email, Phone, Age) values (280, 'Donny', 'Nelius', 'dnelius7r@liveinternet.ru', '349-160-9889', 45);
insert into Student (ID, FirstName, LastName, Email, Phone, Age) values (281, 'Joy', 'Gerauld', 'jgerauld7s@shinystat.com', '241-293-3567', 40);
insert into Student (ID, FirstName, LastName, Email, Phone, Age) values (282, 'Mabel', 'Redfern', 'mredfern7t@yolasite.com', '270-408-2283', 81);
insert into Student (ID, FirstName, LastName, Email, Phone, Age) values (283, 'Carolyn', 'Miere', 'cmiere7u@live.com', '746-669-1990', 19);
insert into Student (ID, FirstName, LastName, Email, Phone, Age) values (284, 'Maris', 'Raoul', 'mraoul7v@prnewswire.com', '832-621-9856', 91);
insert into Student (ID, FirstName, LastName, Email, Phone, Age) values (285, 'Lee', 'Ferrers', 'lferrers7w@independent.co.uk', '938-538-2604', 19);
insert into Student (ID, FirstName, LastName, Email, Phone, Age) values (286, 'Annissa', 'Musto', 'amusto7x@who.int', '318-554-6962', 74);
insert into Student (ID, FirstName, LastName, Email, Phone, Age) values (287, 'Vernen', 'Drover', 'vdrover7y@paypal.com', '377-869-9810', 55);
insert into Student (ID, FirstName, LastName, Email, Phone, Age) values (288, 'Miguel', 'MacLice', 'mmaclice7z@is.gd', '889-141-2052', 99);
insert into Student (ID, FirstName, LastName, Email, Phone, Age) values (289, 'Giovanna', 'Gullan', 'ggullan80@amazonaws.com', '246-451-7979', 56);
insert into Student (ID, FirstName, LastName, Email, Phone, Age) values (290, 'Carleton', 'Bentson', 'cbentson81@examiner.com', '110-202-9775', 55);
insert into Student (ID, FirstName, LastName, Email, Phone, Age) values (291, 'Maddie', 'Sibbs', 'msibbs82@engadget.com', '246-461-7641', 21);
insert into Student (ID, FirstName, LastName, Email, Phone, Age) values (292, 'Mannie', 'Pomery', 'mpomery83@stumbleupon.com', '860-994-4444', 60);
insert into Student (ID, FirstName, LastName, Email, Phone, Age) values (293, 'Cyndie', 'Backe', 'cbacke84@army.mil', '443-436-6688', 86);
insert into Student (ID, FirstName, LastName, Email, Phone, Age) values (294, 'Clarita', 'Limer', 'climer85@amazonaws.com', '927-265-0673', 51);
insert into Student (ID, FirstName, LastName, Email, Phone, Age) values (295, 'Flossi', 'Comi', 'fcomi86@webmd.com', '245-741-3949', 87);
insert into Student (ID, FirstName, LastName, Email, Phone, Age) values (296, 'Olive', 'Tomaszewicz', 'otomaszewicz87@oracle.com', '598-920-4691', 18);
insert into Student (ID, FirstName, LastName, Email, Phone, Age) values (297, 'Dickie', 'Burlingham', 'dburlingham88@fda.gov', '323-182-8373', 78);
insert into Student (ID, FirstName, LastName, Email, Phone, Age) values (298, 'Inger', 'Froggatt', 'ifroggatt89@ycombinator.com', '424-599-9936', 99);
insert into Student (ID, FirstName, LastName, Email, Phone, Age) values (299, 'Vergil', 'Kaye', 'vkaye8a@themeforest.net', '753-325-6391', 66);
insert into Student (ID, FirstName, LastName, Email, Phone, Age) values (300, 'Ingaberg', 'Brashier', 'ibrashier8b@disqus.com', '424-147-8322', 48);
insert into Student (ID, FirstName, LastName, Email, Phone, Age) values (301, 'Yorgos', 'Cursons', 'ycursons8c@tumblr.com', '877-166-2341', 64);
insert into Student (ID, FirstName, LastName, Email, Phone, Age) values (302, 'Riane', 'Done', 'rdone8d@shop-pro.jp', '570-721-6001', 53);
insert into Student (ID, FirstName, LastName, Email, Phone, Age) values (303, 'Helli', 'Odegaard', 'hodegaard8e@ibm.com', '290-233-9981', 80);
insert into Student (ID, FirstName, LastName, Email, Phone, Age) values (304, 'Ediva', 'Weerdenburg', 'eweerdenburg8f@biblegateway.com', '666-215-1211', 58);
insert into Student (ID, FirstName, LastName, Email, Phone, Age) values (305, 'Lazaro', 'Walsham', 'lwalsham8g@multiply.com', '481-820-2999', 58);
insert into Student (ID, FirstName, LastName, Email, Phone, Age) values (306, 'Glen', 'Millgate', 'gmillgate8h@slideshare.net', '455-155-5762', 43);
insert into Student (ID, FirstName, LastName, Email, Phone, Age) values (307, 'Hanson', 'Peyzer', 'hpeyzer8i@goo.gl', '540-228-2579', 100);
insert into Student (ID, FirstName, LastName, Email, Phone, Age) values (308, 'Kamilah', 'Durant', 'kdurant8j@mashable.com', '422-418-6945', 26);
insert into Student (ID, FirstName, LastName, Email, Phone, Age) values (309, 'Dorthy', 'Petrolli', 'dpetrolli8k@bigcartel.com', '762-136-3050', 23);
insert into Student (ID, FirstName, LastName, Email, Phone, Age) values (310, 'Fabiano', 'Ixor', 'fixor8l@independent.co.uk', '886-738-3964', 90);
insert into Student (ID, FirstName, LastName, Email, Phone, Age) values (311, 'Roth', 'Shires', 'rshires8m@purevolume.com', '786-568-2398', 93);
insert into Student (ID, FirstName, LastName, Email, Phone, Age) values (312, 'Ben', 'Cazalet', 'bcazalet8n@goo.ne.jp', '838-857-5557', 33);
insert into Student (ID, FirstName, LastName, Email, Phone, Age) values (313, 'Abby', 'Lemm', 'alemm8o@wunderground.com', '480-761-2620', 58);
insert into Student (ID, FirstName, LastName, Email, Phone, Age) values (314, 'Emyle', 'Gilbeart', 'egilbeart8p@chron.com', '745-145-7384', 90);
insert into Student (ID, FirstName, LastName, Email, Phone, Age) values (315, 'Kerri', 'Wilbor', 'kwilbor8q@hubpages.com', '861-992-3061', 32);
insert into Student (ID, FirstName, LastName, Email, Phone, Age) values (316, 'Halimeda', 'Armall', 'harmall8r@sohu.com', '104-718-3709', 49);
insert into Student (ID, FirstName, LastName, Email, Phone, Age) values (317, 'Corenda', 'Mountfort', 'cmountfort8s@rambler.ru', '268-954-9771', 84);
insert into Student (ID, FirstName, LastName, Email, Phone, Age) values (318, 'Lesly', 'Mathouse', 'lmathouse8t@blogger.com', '783-293-4096', 52);
insert into Student (ID, FirstName, LastName, Email, Phone, Age) values (319, 'Benson', 'Kedie', 'bkedie8u@unesco.org', '203-444-5893', 44);
insert into Student (ID, FirstName, LastName, Email, Phone, Age) values (320, 'Byran', 'Hayth', 'bhayth8v@fema.gov', '836-369-7501', 93);
insert into Student (ID, FirstName, LastName, Email, Phone, Age) values (321, 'Elaina', 'Farrand', 'efarrand8w@tuttocitta.it', '631-123-5754', 47);
insert into Student (ID, FirstName, LastName, Email, Phone, Age) values (322, 'Amie', 'Stephen', 'astephen8x@bbb.org', '355-707-2527', 51);
insert into Student (ID, FirstName, LastName, Email, Phone, Age) values (323, 'Karena', 'Pawnsford', 'kpawnsford8y@sitemeter.com', '352-607-7477', 85);
insert into Student (ID, FirstName, LastName, Email, Phone, Age) values (324, 'Jacenta', 'Verrills', 'jverrills8z@webs.com', '927-480-7089', 72);
insert into Student (ID, FirstName, LastName, Email, Phone, Age) values (325, 'Wendel', 'Osgood', 'wosgood90@vimeo.com', '352-663-3824', 56);
insert into Student (ID, FirstName, LastName, Email, Phone, Age) values (326, 'Susie', 'Bachanski', 'sbachanski91@desdev.cn', '759-669-9579', 51);
insert into Student (ID, FirstName, LastName, Email, Phone, Age) values (327, 'Susannah', 'Glavin', 'sglavin92@xinhuanet.com', '449-712-2953', 24);
insert into Student (ID, FirstName, LastName, Email, Phone, Age) values (328, 'Emlynne', 'Havock', 'ehavock93@java.com', '206-827-0822', 38);
insert into Student (ID, FirstName, LastName, Email, Phone, Age) values (329, 'Coleen', 'Grishenkov', 'cgrishenkov94@artisteer.com', '235-234-1771', 32);
insert into Student (ID, FirstName, LastName, Email, Phone, Age) values (330, 'Renaldo', 'Amberger', 'ramberger95@dropbox.com', '679-914-2362', 89);
insert into Student (ID, FirstName, LastName, Email, Phone, Age) values (331, 'Torin', 'Beeze', 'tbeeze96@amazon.co.uk', '275-402-7191', 38);
insert into Student (ID, FirstName, LastName, Email, Phone, Age) values (332, 'Sherlocke', 'Fyall', 'sfyall97@posterous.com', '788-583-6143', 39);
insert into Student (ID, FirstName, LastName, Email, Phone, Age) values (333, 'Alan', 'Ridgewell', 'aridgewell98@ow.ly', '707-844-1235', 58);
insert into Student (ID, FirstName, LastName, Email, Phone, Age) values (334, 'Daria', 'holmes', 'dholmes99@hhs.gov', '681-975-3141', 39);
insert into Student (ID, FirstName, LastName, Email, Phone, Age) values (335, 'Fraze', 'Chuter', 'fchuter9a@geocities.com', '179-744-8728', 83);
insert into Student (ID, FirstName, LastName, Email, Phone, Age) values (336, 'Eldon', 'Devonald', 'edevonald9b@slashdot.org', '668-162-3053', 60);
insert into Student (ID, FirstName, LastName, Email, Phone, Age) values (337, 'Alaine', 'Halsho', 'ahalsho9c@angelfire.com', '826-231-4654', 85);
insert into Student (ID, FirstName, LastName, Email, Phone, Age) values (338, 'Kylila', 'Lyvon', 'klyvon9d@altervista.org', '582-264-5688', 63);
insert into Student (ID, FirstName, LastName, Email, Phone, Age) values (339, 'Penny', 'Treeby', 'ptreeby9e@unblog.fr', '481-257-5038', 71);
insert into Student (ID, FirstName, LastName, Email, Phone, Age) values (340, 'Thea', 'Dudliston', 'tdudliston9f@marketwatch.com', '956-210-2282', 92);
insert into Student (ID, FirstName, LastName, Email, Phone, Age) values (341, 'Jessica', 'Brinded', 'jbrinded9g@quantcast.com', '443-493-1740', 94);
insert into Student (ID, FirstName, LastName, Email, Phone, Age) values (342, 'Corty', 'Edis', 'cedis9h@over-blog.com', '955-111-8822', 63);
insert into Student (ID, FirstName, LastName, Email, Phone, Age) values (343, 'Zia', 'Ivanishchev', 'zivanishchev9i@wikia.com', '531-495-0523', 100);
insert into Student (ID, FirstName, LastName, Email, Phone, Age) values (344, 'Aline', 'Wilds', 'awilds9j@japanpost.jp', '507-827-1022', 48);
insert into Student (ID, FirstName, LastName, Email, Phone, Age) values (345, 'Pier', 'Simms', 'psimms9k@livejournal.com', '151-961-1344', 79);
insert into Student (ID, FirstName, LastName, Email, Phone, Age) values (346, 'Frederic', 'Rottenbury', 'frottenbury9l@ow.ly', '141-782-3986', 23);
insert into Student (ID, FirstName, LastName, Email, Phone, Age) values (347, 'Gradeigh', 'Petracchi', 'gpetracchi9m@acquirethisname.com', '284-149-0063', 77);
insert into Student (ID, FirstName, LastName, Email, Phone, Age) values (348, 'Elladine', 'Bottom', 'ebottom9n@drupal.org', '188-899-4098', 100);
insert into Student (ID, FirstName, LastName, Email, Phone, Age) values (349, 'Mallory', 'Rossborough', 'mrossborough9o@phoca.cz', '373-358-7932', 85);
insert into Student (ID, FirstName, LastName, Email, Phone, Age) values (350, 'Brandi', 'Boodle', 'bboodle9p@plala.or.jp', '910-821-0030', 39);
insert into Student (ID, FirstName, LastName, Email, Phone, Age) values (351, 'Theresa', 'Duell', 'tduell9q@unc.edu', '496-562-2608', 97);
insert into Student (ID, FirstName, LastName, Email, Phone, Age) values (352, 'Dorotea', 'Manhood', 'dmanhood9r@tinyurl.com', '960-763-4735', 54);
insert into Student (ID, FirstName, LastName, Email, Phone, Age) values (353, 'Lindy', 'Junifer', 'ljunifer9s@drupal.org', '638-600-7401', 77);
insert into Student (ID, FirstName, LastName, Email, Phone, Age) values (354, 'Cathryn', 'Granger', 'cgranger9t@rambler.ru', '293-506-8698', 45);
insert into Student (ID, FirstName, LastName, Email, Phone, Age) values (355, 'Hyatt', 'Luxford', 'hluxford9u@independent.co.uk', '946-448-6401', 52);
insert into Student (ID, FirstName, LastName, Email, Phone, Age) values (356, 'Cliff', 'Presnall', 'cpresnall9v@wisc.edu', '451-685-1997', 73);
insert into Student (ID, FirstName, LastName, Email, Phone, Age) values (357, 'Lorinda', 'Poulsum', 'lpoulsum9w@latimes.com', '841-639-5014', 66);
insert into Student (ID, FirstName, LastName, Email, Phone, Age) values (358, 'Christy', 'Godwyn', 'cgodwyn9x@bing.com', '452-853-9958', 37);
insert into Student (ID, FirstName, LastName, Email, Phone, Age) values (359, 'Ozzie', 'Santarelli', 'osantarelli9y@taobao.com', '962-787-0466', 97);
insert into Student (ID, FirstName, LastName, Email, Phone, Age) values (360, 'Kore', 'Pulbrook', 'kpulbrook9z@whitehouse.gov', '865-971-5080', 39);
insert into Student (ID, FirstName, LastName, Email, Phone, Age) values (361, 'Doria', 'Tropman', 'dtropmana0@github.com', '243-175-0669', 49);
insert into Student (ID, FirstName, LastName, Email, Phone, Age) values (362, 'Abra', 'Plumptre', 'aplumptrea1@ocn.ne.jp', '898-985-7102', 55);
insert into Student (ID, FirstName, LastName, Email, Phone, Age) values (363, 'Far', 'Delahunty', 'fdelahuntya2@ocn.ne.jp', '544-613-2545', 41);
insert into Student (ID, FirstName, LastName, Email, Phone, Age) values (364, 'Chico', 'Boddice', 'cboddicea3@google.it', '590-997-9056', 90);
insert into Student (ID, FirstName, LastName, Email, Phone, Age) values (365, 'Morris', 'Garrud', 'mgarruda4@com.com', '318-486-8464', 77);
insert into Student (ID, FirstName, LastName, Email, Phone, Age) values (366, 'Paton', 'Akess', 'pakessa5@discovery.com', '101-451-8826', 34);
insert into Student (ID, FirstName, LastName, Email, Phone, Age) values (367, 'Abigale', 'Filler', 'afillera6@ftc.gov', '407-229-4885', 39);
insert into Student (ID, FirstName, LastName, Email, Phone, Age) values (368, 'Debby', 'Bristow', 'dbristowa7@europa.eu', '105-162-7809', 50);
insert into Student (ID, FirstName, LastName, Email, Phone, Age) values (369, 'Edee', 'Arkow', 'earkowa8@latimes.com', '151-284-9347', 91);
insert into Student (ID, FirstName, LastName, Email, Phone, Age) values (370, 'Donal', 'Carley', 'dcarleya9@independent.co.uk', '191-652-0571', 68);
insert into Student (ID, FirstName, LastName, Email, Phone, Age) values (371, 'Glenn', 'Boutflour', 'gboutflouraa@archive.org', '742-993-8677', 53);
insert into Student (ID, FirstName, LastName, Email, Phone, Age) values (372, 'Bernie', 'Bradford', 'bbradfordab@alexa.com', '132-707-3279', 67);
insert into Student (ID, FirstName, LastName, Email, Phone, Age) values (373, 'Clarence', 'Petti', 'cpettiac@ask.com', '661-505-1000', 85);
insert into Student (ID, FirstName, LastName, Email, Phone, Age) values (374, 'Thurston', 'Cripps', 'tcrippsad@t-online.de', '877-752-3862', 57);
insert into Student (ID, FirstName, LastName, Email, Phone, Age) values (375, 'Tamera', 'Bucktharp', 'tbucktharpae@chronoengine.com', '692-658-9455', 47);
insert into Student (ID, FirstName, LastName, Email, Phone, Age) values (376, 'Quillan', 'Rookesby', 'qrookesbyaf@blogtalkradio.com', '995-375-6750', 50);
insert into Student (ID, FirstName, LastName, Email, Phone, Age) values (377, 'Milka', 'Dadge', 'mdadgeag@wikimedia.org', '890-199-1828', 53);
insert into Student (ID, FirstName, LastName, Email, Phone, Age) values (378, 'Mona', 'Dobbyn', 'mdobbynah@biblegateway.com', '854-987-7935', 87);
insert into Student (ID, FirstName, LastName, Email, Phone, Age) values (379, 'Jarred', 'Bexon', 'jbexonai@csmonitor.com', '940-274-4100', 32);
insert into Student (ID, FirstName, LastName, Email, Phone, Age) values (380, 'Fitz', 'Castanos', 'fcastanosaj@whitehouse.gov', '609-388-0359', 23);
insert into Student (ID, FirstName, LastName, Email, Phone, Age) values (381, 'Arnold', 'Saldler', 'asaldlerak@qq.com', '425-158-0579', 86);
insert into Student (ID, FirstName, LastName, Email, Phone, Age) values (382, 'Sinclair', 'Jevons', 'sjevonsal@squarespace.com', '859-374-6410', 45);
insert into Student (ID, FirstName, LastName, Email, Phone, Age) values (383, 'Saba', 'Brimmacombe', 'sbrimmacombeam@yahoo.com', '511-841-5929', 62);
insert into Student (ID, FirstName, LastName, Email, Phone, Age) values (384, 'Leupold', 'Dodgshun', 'ldodgshunan@chicagotribune.com', '763-835-6899', 74);
insert into Student (ID, FirstName, LastName, Email, Phone, Age) values (385, 'Rycca', 'Gostick', 'rgostickao@nymag.com', '579-692-7624', 50);
insert into Student (ID, FirstName, LastName, Email, Phone, Age) values (386, 'Roselia', 'Blose', 'rbloseap@i2i.jp', '269-402-5953', 40);
insert into Student (ID, FirstName, LastName, Email, Phone, Age) values (387, 'Darsey', 'Frowen', 'dfrowenaq@friendfeed.com', '626-593-9840', 64);
insert into Student (ID, FirstName, LastName, Email, Phone, Age) values (388, 'Rand', 'Devenish', 'rdevenishar@163.com', '793-968-6667', 23);
insert into Student (ID, FirstName, LastName, Email, Phone, Age) values (389, 'Gerhardt', 'Crocket', 'gcrocketas@nifty.com', '249-747-1945', 41);
insert into Student (ID, FirstName, LastName, Email, Phone, Age) values (390, 'Dotty', 'Dyson', 'ddysonat@huffingtonpost.com', '596-323-0751', 33);
insert into Student (ID, FirstName, LastName, Email, Phone, Age) values (391, 'Tim', 'Eyeington', 'teyeingtonau@webs.com', '141-708-5429', 70);
insert into Student (ID, FirstName, LastName, Email, Phone, Age) values (392, 'Carleton', 'Todaro', 'ctodaroav@tripod.com', '826-295-8212', 76);
insert into Student (ID, FirstName, LastName, Email, Phone, Age) values (393, 'Maddalena', 'Lockley', 'mlockleyaw@oaic.gov.au', '367-753-5855', 20);
insert into Student (ID, FirstName, LastName, Email, Phone, Age) values (394, 'Roscoe', 'Elce', 'relceax@blogs.com', '614-812-2306', 21);
insert into Student (ID, FirstName, LastName, Email, Phone, Age) values (395, 'Goober', 'McTrustram', 'gmctrustramay@opera.com', '988-996-1292', 64);
insert into Student (ID, FirstName, LastName, Email, Phone, Age) values (396, 'Dionis', 'Rotherforth', 'drotherforthaz@pen.io', '880-803-7063', 51);
insert into Student (ID, FirstName, LastName, Email, Phone, Age) values (397, 'Beitris', 'Kaygill', 'bkaygillb0@statcounter.com', '206-541-6918', 73);
insert into Student (ID, FirstName, LastName, Email, Phone, Age) values (398, 'Aksel', 'Bulley', 'abulleyb1@uiuc.edu', '294-738-1072', 27);
insert into Student (ID, FirstName, LastName, Email, Phone, Age) values (399, 'Emmerich', 'Blasi', 'eblasib2@elegantthemes.com', '208-171-1421', 33);
insert into Student (ID, FirstName, LastName, Email, Phone, Age) values (400, 'Jim', 'Cristoforetti', 'jcristoforettib3@blogtalkradio.com', '203-605-0449', 67);
insert into Student (ID, FirstName, LastName, Email, Phone, Age) values (401, 'Colline', 'Oak', 'coakb4@ask.com', '106-499-0638', 99);
insert into Student (ID, FirstName, LastName, Email, Phone, Age) values (402, 'Cosette', 'Lacer', 'clacerb5@live.com', '613-234-5950', 54);
insert into Student (ID, FirstName, LastName, Email, Phone, Age) values (403, 'Umeko', 'Mountain', 'umountainb6@google.com', '609-156-3183', 63);
insert into Student (ID, FirstName, LastName, Email, Phone, Age) values (404, 'Mirilla', 'Drakard', 'mdrakardb7@tinypic.com', '808-824-3068', 70);
insert into Student (ID, FirstName, LastName, Email, Phone, Age) values (405, 'Eustace', 'Monery', 'emoneryb8@infoseek.co.jp', '555-827-5305', 82);
insert into Student (ID, FirstName, LastName, Email, Phone, Age) values (406, 'Eveline', 'Windas', 'ewindasb9@bravesites.com', '257-338-2127', 45);
insert into Student (ID, FirstName, LastName, Email, Phone, Age) values (407, 'Wyatan', 'Beneyto', 'wbeneytoba@gnu.org', '461-917-2177', 26);
insert into Student (ID, FirstName, LastName, Email, Phone, Age) values (408, 'Kellina', 'Lilburne', 'klilburnebb@123-reg.co.uk', '681-901-5039', 62);
insert into Student (ID, FirstName, LastName, Email, Phone, Age) values (409, 'Danyelle', 'Willshear', 'dwillshearbc@usda.gov', '320-820-0672', 86);
insert into Student (ID, FirstName, LastName, Email, Phone, Age) values (410, 'Rheta', 'Muslim', 'rmuslimbd@ow.ly', '368-579-7226', 58);
insert into Student (ID, FirstName, LastName, Email, Phone, Age) values (411, 'Somerset', 'Haughian', 'shaughianbe@toplist.cz', '220-878-2522', 45);
insert into Student (ID, FirstName, LastName, Email, Phone, Age) values (412, 'Wakefield', 'Minchinton', 'wminchintonbf@google.fr', '986-741-8408', 67);
insert into Student (ID, FirstName, LastName, Email, Phone, Age) values (413, 'Feodora', 'Easterbrook', 'feasterbrookbg@t-online.de', '654-579-0497', 84);
insert into Student (ID, FirstName, LastName, Email, Phone, Age) values (414, 'Veronica', 'Dalgliesh', 'vdalglieshbh@linkedin.com', '633-117-2497', 76);
insert into Student (ID, FirstName, LastName, Email, Phone, Age) values (415, 'Latia', 'Shipcott', 'lshipcottbi@marketwatch.com', '430-325-4636', 83);
insert into Student (ID, FirstName, LastName, Email, Phone, Age) values (416, 'Shandeigh', 'Maslin', 'smaslinbj@multiply.com', '942-620-2969', 37);
insert into Student (ID, FirstName, LastName, Email, Phone, Age) values (417, 'Alain', 'Devo', 'adevobk@usatoday.com', '944-685-7627', 99);
insert into Student (ID, FirstName, LastName, Email, Phone, Age) values (418, 'Oliver', 'Keedy', 'okeedybl@people.com.cn', '637-416-2971', 72);
insert into Student (ID, FirstName, LastName, Email, Phone, Age) values (419, 'Leonelle', 'Dunstall', 'ldunstallbm@ow.ly', '154-426-4191', 45);
insert into Student (ID, FirstName, LastName, Email, Phone, Age) values (420, 'Abigail', 'Zemler', 'azemlerbn@technorati.com', '404-367-9965', 66);
insert into Student (ID, FirstName, LastName, Email, Phone, Age) values (421, 'Theda', 'Biddle', 'tbiddlebo@xing.com', '420-264-1385', 32);
insert into Student (ID, FirstName, LastName, Email, Phone, Age) values (422, 'Tandy', 'McAleese', 'tmcaleesebp@guardian.co.uk', '403-457-5092', 64);
insert into Student (ID, FirstName, LastName, Email, Phone, Age) values (423, 'Hatti', 'Doogood', 'hdoogoodbq@sohu.com', '495-836-0868', 88);
insert into Student (ID, FirstName, LastName, Email, Phone, Age) values (424, 'Hazel', 'Lardez', 'hlardezbr@toplist.cz', '384-783-3503', 26);
insert into Student (ID, FirstName, LastName, Email, Phone, Age) values (425, 'Karla', 'Janczak', 'kjanczakbs@prnewswire.com', '426-481-6927', 50);
insert into Student (ID, FirstName, LastName, Email, Phone, Age) values (426, 'Malina', 'Smallwood', 'msmallwoodbt@live.com', '917-533-0938', 68);
insert into Student (ID, FirstName, LastName, Email, Phone, Age) values (427, 'Brigit', 'Shrigley', 'bshrigleybu@telegraph.co.uk', '163-669-3076', 19);
insert into Student (ID, FirstName, LastName, Email, Phone, Age) values (428, 'Diannne', 'Purver', 'dpurverbv@loc.gov', '929-469-2311', 55);
insert into Student (ID, FirstName, LastName, Email, Phone, Age) values (429, 'Leoine', 'Sexti', 'lsextibw@boston.com', '798-748-1931', 77);
insert into Student (ID, FirstName, LastName, Email, Phone, Age) values (430, 'Trudi', 'Spellworth', 'tspellworthbx@hubpages.com', '266-108-3382', 97);
insert into Student (ID, FirstName, LastName, Email, Phone, Age) values (431, 'Ade', 'Chomley', 'achomleyby@salon.com', '189-562-8693', 47);
insert into Student (ID, FirstName, LastName, Email, Phone, Age) values (432, 'Jonah', 'Ghiroldi', 'jghiroldibz@dagondesign.com', '470-470-2266', 97);
insert into Student (ID, FirstName, LastName, Email, Phone, Age) values (433, 'Chariot', 'Shutt', 'cshuttc0@merriam-webster.com', '148-506-9330', 67);
insert into Student (ID, FirstName, LastName, Email, Phone, Age) values (434, 'Deni', 'Leggin', 'dlegginc1@merriam-webster.com', '928-744-7693', 91);
insert into Student (ID, FirstName, LastName, Email, Phone, Age) values (435, 'Tate', 'Verbeek', 'tverbeekc2@sohu.com', '555-933-2952', 62);
insert into Student (ID, FirstName, LastName, Email, Phone, Age) values (436, 'Alina', 'Peyro', 'apeyroc3@sakura.ne.jp', '878-868-4357', 34);
insert into Student (ID, FirstName, LastName, Email, Phone, Age) values (437, 'Jeniece', 'Markie', 'jmarkiec4@youku.com', '725-356-7733', 82);
insert into Student (ID, FirstName, LastName, Email, Phone, Age) values (438, 'Lockwood', 'Boycott', 'lboycottc5@skype.com', '697-762-0237', 47);
insert into Student (ID, FirstName, LastName, Email, Phone, Age) values (439, 'Ben', 'McGinnell', 'bmcginnellc6@123-reg.co.uk', '589-378-2422', 38);
insert into Student (ID, FirstName, LastName, Email, Phone, Age) values (440, 'Gerhardt', 'Scholefield', 'gscholefieldc7@smh.com.au', '994-636-5221', 48);
insert into Student (ID, FirstName, LastName, Email, Phone, Age) values (441, 'Cristina', 'Dreye', 'cdreyec8@prnewswire.com', '125-873-7904', 93);
insert into Student (ID, FirstName, LastName, Email, Phone, Age) values (442, 'Harlin', 'Conichie', 'hconichiec9@dyndns.org', '254-367-1563', 96);
insert into Student (ID, FirstName, LastName, Email, Phone, Age) values (443, 'Bettye', 'Battelle', 'bbattelleca@de.vu', '278-154-3566', 18);
insert into Student (ID, FirstName, LastName, Email, Phone, Age) values (444, 'Cornell', 'Becken', 'cbeckencb@nasa.gov', '784-488-9062', 31);
insert into Student (ID, FirstName, LastName, Email, Phone, Age) values (445, 'Gwenni', 'Oels', 'goelscc@columbia.edu', '422-842-4593', 61);
insert into Student (ID, FirstName, LastName, Email, Phone, Age) values (446, 'Leese', 'McKane', 'lmckanecd@ox.ac.uk', '865-207-6304', 28);
insert into Student (ID, FirstName, LastName, Email, Phone, Age) values (447, 'Amie', 'Sumbler', 'asumblerce@surveymonkey.com', '553-141-8449', 45);
insert into Student (ID, FirstName, LastName, Email, Phone, Age) values (448, 'Jack', 'Witton', 'jwittoncf@cloudflare.com', '264-273-0924', 66);
insert into Student (ID, FirstName, LastName, Email, Phone, Age) values (449, 'Claudelle', 'Coales', 'ccoalescg@lulu.com', '995-847-0762', 99);
insert into Student (ID, FirstName, LastName, Email, Phone, Age) values (450, 'Kass', 'Marzello', 'kmarzelloch@angelfire.com', '701-652-4605', 46);
insert into Student (ID, FirstName, LastName, Email, Phone, Age) values (451, 'Lonnie', 'Domenichelli', 'ldomenichellici@xrea.com', '337-449-5627', 58);
insert into Student (ID, FirstName, LastName, Email, Phone, Age) values (452, 'Janka', 'Cove', 'jcovecj@istockphoto.com', '363-874-7675', 68);
insert into Student (ID, FirstName, LastName, Email, Phone, Age) values (453, 'Alec', 'Hanks', 'ahanksck@salon.com', '839-917-5669', 56);
insert into Student (ID, FirstName, LastName, Email, Phone, Age) values (454, 'Trenna', 'Wardhaugh', 'twardhaughcl@yolasite.com', '518-147-2001', 76);
insert into Student (ID, FirstName, LastName, Email, Phone, Age) values (455, 'Ado', 'Wilmott', 'awilmottcm@dell.com', '490-139-1839', 74);
insert into Student (ID, FirstName, LastName, Email, Phone, Age) values (456, 'Guglielmo', 'Sotham', 'gsothamcn@techcrunch.com', '766-280-0623', 93);
insert into Student (ID, FirstName, LastName, Email, Phone, Age) values (457, 'Georgi', 'Sellstrom', 'gsellstromco@mapy.cz', '539-166-6336', 54);
insert into Student (ID, FirstName, LastName, Email, Phone, Age) values (458, 'Gauthier', 'Potebury', 'gpoteburycp@hubpages.com', '477-985-6744', 38);
insert into Student (ID, FirstName, LastName, Email, Phone, Age) values (459, 'Gayle', 'Eatherton', 'geathertoncq@ycombinator.com', '125-915-2921', 36);
insert into Student (ID, FirstName, LastName, Email, Phone, Age) values (460, 'Isobel', 'Leggat', 'ileggatcr@nationalgeographic.com', '134-137-1748', 87);
insert into Student (ID, FirstName, LastName, Email, Phone, Age) values (461, 'Dew', 'Pellew', 'dpellewcs@pcworld.com', '103-701-0167', 30);
insert into Student (ID, FirstName, LastName, Email, Phone, Age) values (462, 'Edwin', 'Cavet', 'ecavetct@nhs.uk', '985-535-0581', 71);
insert into Student (ID, FirstName, LastName, Email, Phone, Age) values (463, 'Zena', 'Mepsted', 'zmepstedcu@google.cn', '370-200-6208', 19);
insert into Student (ID, FirstName, LastName, Email, Phone, Age) values (464, 'Koren', 'Aspenlon', 'kaspenloncv@behance.net', '157-101-8367', 93);
insert into Student (ID, FirstName, LastName, Email, Phone, Age) values (465, 'Bennie', 'Perez', 'bperezcw@wufoo.com', '945-435-1951', 67);
insert into Student (ID, FirstName, LastName, Email, Phone, Age) values (466, 'Lexis', 'Cuming', 'lcumingcx@yellowpages.com', '504-497-1473', 39);
insert into Student (ID, FirstName, LastName, Email, Phone, Age) values (467, 'Tyler', 'Showen', 'tshowency@a8.net', '323-766-9505', 19);
insert into Student (ID, FirstName, LastName, Email, Phone, Age) values (468, 'Johannah', 'Newlands', 'jnewlandscz@fc2.com', '979-361-7475', 80);
insert into Student (ID, FirstName, LastName, Email, Phone, Age) values (469, 'Crystal', 'Klimushev', 'cklimushevd0@yahoo.com', '578-866-7501', 73);
insert into Student (ID, FirstName, LastName, Email, Phone, Age) values (470, 'Elmo', 'De Avenell', 'edeavenelld1@dell.com', '183-451-7015', 38);
insert into Student (ID, FirstName, LastName, Email, Phone, Age) values (471, 'Lane', 'Mateescu', 'lmateescud2@washingtonpost.com', '469-581-4353', 64);
insert into Student (ID, FirstName, LastName, Email, Phone, Age) values (472, 'Marsh', 'Stute', 'mstuted3@exblog.jp', '206-512-9613', 95);
insert into Student (ID, FirstName, LastName, Email, Phone, Age) values (473, 'Benson', 'Le Count', 'blecountd4@google.co.jp', '517-993-5590', 88);
insert into Student (ID, FirstName, LastName, Email, Phone, Age) values (474, 'Ursala', 'Bearham', 'ubearhamd5@bbb.org', '434-863-6322', 95);
insert into Student (ID, FirstName, LastName, Email, Phone, Age) values (475, 'Illa', 'Sundin', 'isundind6@yellowbook.com', '719-748-2281', 74);
insert into Student (ID, FirstName, LastName, Email, Phone, Age) values (476, 'Lorrie', 'Crallan', 'lcralland7@phpbb.com', '295-993-9702', 23);
insert into Student (ID, FirstName, LastName, Email, Phone, Age) values (477, 'Margarethe', 'Curner', 'mcurnerd8@nba.com', '719-253-1213', 45);
insert into Student (ID, FirstName, LastName, Email, Phone, Age) values (478, 'Ingmar', 'Mulgrew', 'imulgrewd9@thetimes.co.uk', '963-220-3661', 89);
insert into Student (ID, FirstName, LastName, Email, Phone, Age) values (479, 'Dorothee', 'Spray', 'dsprayda@sakura.ne.jp', '234-917-5269', 74);
insert into Student (ID, FirstName, LastName, Email, Phone, Age) values (480, 'Layla', 'Labdon', 'llabdondb@omniture.com', '223-477-2488', 78);
insert into Student (ID, FirstName, LastName, Email, Phone, Age) values (481, 'Yorgo', 'Icke', 'yickedc@g.co', '982-301-0162', 85);
insert into Student (ID, FirstName, LastName, Email, Phone, Age) values (482, 'Byran', 'Kohler', 'bkohlerdd@europa.eu', '886-270-3549', 35);
insert into Student (ID, FirstName, LastName, Email, Phone, Age) values (483, 'Kiley', 'Maling', 'kmalingde@yellowbook.com', '942-446-3251', 56);
insert into Student (ID, FirstName, LastName, Email, Phone, Age) values (484, 'Chandra', 'St Ledger', 'cstledgerdf@amazon.co.uk', '502-553-7889', 78);
insert into Student (ID, FirstName, LastName, Email, Phone, Age) values (485, 'Frants', 'Ricold', 'fricolddg@gov.uk', '777-499-5983', 73);
insert into Student (ID, FirstName, LastName, Email, Phone, Age) values (486, 'Archy', 'Watchorn', 'awatchorndh@boston.com', '178-989-9879', 62);
insert into Student (ID, FirstName, LastName, Email, Phone, Age) values (487, 'Sheilah', 'Priscott', 'spriscottdi@bloglines.com', '517-651-3089', 84);
insert into Student (ID, FirstName, LastName, Email, Phone, Age) values (488, 'Abbot', 'Cansfield', 'acansfielddj@princeton.edu', '479-641-2112', 94);
insert into Student (ID, FirstName, LastName, Email, Phone, Age) values (489, 'Leeland', 'Limming', 'llimmingdk@baidu.com', '512-281-8814', 21);
insert into Student (ID, FirstName, LastName, Email, Phone, Age) values (490, 'Binky', 'Fellowes', 'bfellowesdl@huffingtonpost.com', '681-596-3305', 28);
insert into Student (ID, FirstName, LastName, Email, Phone, Age) values (491, 'Padriac', 'Scarse', 'pscarsedm@google.nl', '442-845-8014', 85);
insert into Student (ID, FirstName, LastName, Email, Phone, Age) values (492, 'Tandy', 'Mosson', 'tmossondn@youtu.be', '495-910-6842', 29);
insert into Student (ID, FirstName, LastName, Email, Phone, Age) values (493, 'Cati', 'Edgerton', 'cedgertondo@freewebs.com', '528-932-2899', 90);
insert into Student (ID, FirstName, LastName, Email, Phone, Age) values (494, 'Letti', 'Mourant', 'lmourantdp@jiathis.com', '192-197-1342', 72);
insert into Student (ID, FirstName, LastName, Email, Phone, Age) values (495, 'Bonni', 'Caldow', 'bcaldowdq@buzzfeed.com', '743-830-8175', 91);
insert into Student (ID, FirstName, LastName, Email, Phone, Age) values (496, 'Justin', 'Aspinwall', 'jaspinwalldr@wisc.edu', '996-224-6942', 66);
insert into Student (ID, FirstName, LastName, Email, Phone, Age) values (497, 'Orlando', 'Brauner', 'obraunerds@51.la', '194-207-9697', 32);
insert into Student (ID, FirstName, LastName, Email, Phone, Age) values (498, 'Hermie', 'Lightman', 'hlightmandt@washingtonpost.com', '580-156-9007', 61);
insert into Student (ID, FirstName, LastName, Email, Phone, Age) values (499, 'Margarethe', 'Mauger', 'mmaugerdu@wiley.com', '259-751-0727', 28);
insert into Student (ID, FirstName, LastName, Email, Phone, Age) values (500, 'Donny', 'Doumenc', 'ddoumencdv@is.gd', '818-591-1403', 39);
